id,title,description,category,price,discountPercentage,rating,stock,tags,brand,sku,weight,warrantyInformation,shippingInformation,availabilityStatus,returnPolicy,minimumOrderQuantity,images,thumbnail,dimensions.width,dimensions.height,dimensions.depth,meta.createdAt,meta.updatedAt,meta.barcode,meta.qrCode,review_rating,review_comment,review_date,review_reviewerName,review_reviewerEmail
1,Essence Mascara Lash Princess,The Essence Mascara Lash Princess is a popular mascara known for its volumizing and lengthening effects. Achieve dramatic lashes with this long-lasting and cruelty-free formula.,beauty,9.99,10.48,2.56,99,"['beauty', 'mascara']",Essence,BEA-ESS-ESS-001,4,1 week warranty,Ships in 3-5 business days,In Stock,No return policy,48,['https://cdn.dummyjson.com/product-images/beauty/essence-mascara-lash-princess/1.webp'],https://cdn.dummyjson.com/product-images/beauty/essence-mascara-lash-princess/thumbnail.webp,15.14,13.08,22.99,2025-04-30T09:41:02.053Z,2025-04-30T09:41:02.053Z,5784719087687,https://cdn.dummyjson.com/public/qr-code.png,3,Would not recommend!,2025-04-30T09:41:02.053Z,Eleanor Collins,eleanor.collins@x.dummyjson.com
1,Essence Mascara Lash Princess,The Essence Mascara Lash Princess is a popular mascara known for its volumizing and lengthening effects. Achieve dramatic lashes with this long-lasting and cruelty-free formula.,beauty,9.99,10.48,2.56,99,"['beauty', 'mascara']",Essence,BEA-ESS-ESS-001,4,1 week warranty,Ships in 3-5 business days,In Stock,No return policy,48,['https://cdn.dummyjson.com/product-images/beauty/essence-mascara-lash-princess/1.webp'],https://cdn.dummyjson.com/product-images/beauty/essence-mascara-lash-princess/thumbnail.webp,15.14,13.08,22.99,2025-04-30T09:41:02.053Z,2025-04-30T09:41:02.053Z,5784719087687,https://cdn.dummyjson.com/public/qr-code.png,4,Very satisfied!,2025-04-30T09:41:02.053Z,Lucas Gordon,lucas.gordon@x.dummyjson.com
1,Essence Mascara Lash Princess,The Essence Mascara Lash Princess is a popular mascara known for its volumizing and lengthening effects. Achieve dramatic lashes with this long-lasting and cruelty-free formula.,beauty,9.99,10.48,2.56,99,"['beauty', 'mascara']",Essence,BEA-ESS-ESS-001,4,1 week warranty,Ships in 3-5 business days,In Stock,No return policy,48,['https://cdn.dummyjson.com/product-images/beauty/essence-mascara-lash-princess/1.webp'],https://cdn.dummyjson.com/product-images/beauty/essence-mascara-lash-princess/thumbnail.webp,15.14,13.08,22.99,2025-04-30T09:41:02.053Z,2025-04-30T09:41:02.053Z,5784719087687,https://cdn.dummyjson.com/public/qr-code.png,5,Highly impressed!,2025-04-30T09:41:02.053Z,Eleanor Collins,eleanor.collins@x.dummyjson.com
2,Eyeshadow Palette with Mirror,"The Eyeshadow Palette with Mirror offers a versatile range of eyeshadow shades for creating stunning eye looks. With a built-in mirror, it's convenient for on-the-go makeup application.",beauty,19.99,18.19,2.86,34,"['beauty', 'eyeshadow']",Glamour Beauty,BEA-GLA-EYE-002,9,1 year warranty,Ships in 2 weeks,In Stock,7 days return policy,20,['https://cdn.dummyjson.com/product-images/beauty/eyeshadow-palette-with-mirror/1.webp'],https://cdn.dummyjson.com/product-images/beauty/eyeshadow-palette-with-mirror/thumbnail.webp,9.26,22.47,27.67,2025-04-30T09:41:02.053Z,2025-04-30T09:41:02.053Z,9170275171413,https://cdn.dummyjson.com/public/qr-code.png,5,Great product!,2025-04-30T09:41:02.053Z,Savannah Gomez,savannah.gomez@x.dummyjson.com
2,Eyeshadow Palette with Mirror,"The Eyeshadow Palette with Mirror offers a versatile range of eyeshadow shades for creating stunning eye looks. With a built-in mirror, it's convenient for on-the-go makeup application.",beauty,19.99,18.19,2.86,34,"['beauty', 'eyeshadow']",Glamour Beauty,BEA-GLA-EYE-002,9,1 year warranty,Ships in 2 weeks,In Stock,7 days return policy,20,['https://cdn.dummyjson.com/product-images/beauty/eyeshadow-palette-with-mirror/1.webp'],https://cdn.dummyjson.com/product-images/beauty/eyeshadow-palette-with-mirror/thumbnail.webp,9.26,22.47,27.67,2025-04-30T09:41:02.053Z,2025-04-30T09:41:02.053Z,9170275171413,https://cdn.dummyjson.com/public/qr-code.png,4,Awesome product!,2025-04-30T09:41:02.053Z,Christian Perez,christian.perez@x.dummyjson.com
2,Eyeshadow Palette with Mirror,"The Eyeshadow Palette with Mirror offers a versatile range of eyeshadow shades for creating stunning eye looks. With a built-in mirror, it's convenient for on-the-go makeup application.",beauty,19.99,18.19,2.86,34,"['beauty', 'eyeshadow']",Glamour Beauty,BEA-GLA-EYE-002,9,1 year warranty,Ships in 2 weeks,In Stock,7 days return policy,20,['https://cdn.dummyjson.com/product-images/beauty/eyeshadow-palette-with-mirror/1.webp'],https://cdn.dummyjson.com/product-images/beauty/eyeshadow-palette-with-mirror/thumbnail.webp,9.26,22.47,27.67,2025-04-30T09:41:02.053Z,2025-04-30T09:41:02.053Z,9170275171413,https://cdn.dummyjson.com/public/qr-code.png,1,Poor quality!,2025-04-30T09:41:02.053Z,Nicholas Bailey,nicholas.bailey@x.dummyjson.com
3,Powder Canister,"The Powder Canister is a finely milled setting powder designed to set makeup and control shine. With a lightweight and translucent formula, it provides a smooth and matte finish.",beauty,14.99,9.84,4.64,89,"['beauty', 'face powder']",Velvet Touch,BEA-VEL-POW-003,8,3 months warranty,Ships in 1-2 business days,In Stock,No return policy,22,['https://cdn.dummyjson.com/product-images/beauty/powder-canister/1.webp'],https://cdn.dummyjson.com/product-images/beauty/powder-canister/thumbnail.webp,29.27,27.93,20.59,2025-04-30T09:41:02.053Z,2025-04-30T09:41:02.053Z,8418883906837,https://cdn.dummyjson.com/public/qr-code.png,4,Would buy again!,2025-04-30T09:41:02.053Z,Alexander Jones,alexander.jones@x.dummyjson.com
3,Powder Canister,"The Powder Canister is a finely milled setting powder designed to set makeup and control shine. With a lightweight and translucent formula, it provides a smooth and matte finish.",beauty,14.99,9.84,4.64,89,"['beauty', 'face powder']",Velvet Touch,BEA-VEL-POW-003,8,3 months warranty,Ships in 1-2 business days,In Stock,No return policy,22,['https://cdn.dummyjson.com/product-images/beauty/powder-canister/1.webp'],https://cdn.dummyjson.com/product-images/beauty/powder-canister/thumbnail.webp,29.27,27.93,20.59,2025-04-30T09:41:02.053Z,2025-04-30T09:41:02.053Z,8418883906837,https://cdn.dummyjson.com/public/qr-code.png,5,Highly impressed!,2025-04-30T09:41:02.053Z,Elijah Cruz,elijah.cruz@x.dummyjson.com
3,Powder Canister,"The Powder Canister is a finely milled setting powder designed to set makeup and control shine. With a lightweight and translucent formula, it provides a smooth and matte finish.",beauty,14.99,9.84,4.64,89,"['beauty', 'face powder']",Velvet Touch,BEA-VEL-POW-003,8,3 months warranty,Ships in 1-2 business days,In Stock,No return policy,22,['https://cdn.dummyjson.com/product-images/beauty/powder-canister/1.webp'],https://cdn.dummyjson.com/product-images/beauty/powder-canister/thumbnail.webp,29.27,27.93,20.59,2025-04-30T09:41:02.053Z,2025-04-30T09:41:02.053Z,8418883906837,https://cdn.dummyjson.com/public/qr-code.png,1,Very dissatisfied!,2025-04-30T09:41:02.053Z,Avery Perez,avery.perez@x.dummyjson.com
4,Red Lipstick,"The Red Lipstick is a classic and bold choice for adding a pop of color to your lips. With a creamy and pigmented formula, it provides a vibrant and long-lasting finish.",beauty,12.99,12.16,4.36,91,"['beauty', 'lipstick']",Chic Cosmetics,BEA-CHI-LIP-004,1,3 year warranty,Ships in 1 week,In Stock,7 days return policy,40,['https://cdn.dummyjson.com/product-images/beauty/red-lipstick/1.webp'],https://cdn.dummyjson.com/product-images/beauty/red-lipstick/thumbnail.webp,18.11,28.38,22.17,2025-04-30T09:41:02.053Z,2025-04-30T09:41:02.053Z,9467746727219,https://cdn.dummyjson.com/public/qr-code.png,4,Great product!,2025-04-30T09:41:02.053Z,Liam Garcia,liam.garcia@x.dummyjson.com
4,Red Lipstick,"The Red Lipstick is a classic and bold choice for adding a pop of color to your lips. With a creamy and pigmented formula, it provides a vibrant and long-lasting finish.",beauty,12.99,12.16,4.36,91,"['beauty', 'lipstick']",Chic Cosmetics,BEA-CHI-LIP-004,1,3 year warranty,Ships in 1 week,In Stock,7 days return policy,40,['https://cdn.dummyjson.com/product-images/beauty/red-lipstick/1.webp'],https://cdn.dummyjson.com/product-images/beauty/red-lipstick/thumbnail.webp,18.11,28.38,22.17,2025-04-30T09:41:02.053Z,2025-04-30T09:41:02.053Z,9467746727219,https://cdn.dummyjson.com/public/qr-code.png,5,Great product!,2025-04-30T09:41:02.053Z,Ruby Andrews,ruby.andrews@x.dummyjson.com
4,Red Lipstick,"The Red Lipstick is a classic and bold choice for adding a pop of color to your lips. With a creamy and pigmented formula, it provides a vibrant and long-lasting finish.",beauty,12.99,12.16,4.36,91,"['beauty', 'lipstick']",Chic Cosmetics,BEA-CHI-LIP-004,1,3 year warranty,Ships in 1 week,In Stock,7 days return policy,40,['https://cdn.dummyjson.com/product-images/beauty/red-lipstick/1.webp'],https://cdn.dummyjson.com/product-images/beauty/red-lipstick/thumbnail.webp,18.11,28.38,22.17,2025-04-30T09:41:02.053Z,2025-04-30T09:41:02.053Z,9467746727219,https://cdn.dummyjson.com/public/qr-code.png,5,Would buy again!,2025-04-30T09:41:02.053Z,Clara Berry,clara.berry@x.dummyjson.com
5,Red Nail Polish,"The Red Nail Polish offers a rich and glossy red hue for vibrant and polished nails. With a quick-drying formula, it provides a salon-quality finish at home.",beauty,8.99,11.44,4.32,79,"['beauty', 'nail polish']",Nail Couture,BEA-NAI-NAI-005,8,1 month warranty,Ships overnight,In Stock,No return policy,22,['https://cdn.dummyjson.com/product-images/beauty/red-nail-polish/1.webp'],https://cdn.dummyjson.com/product-images/beauty/red-nail-polish/thumbnail.webp,21.63,16.48,29.84,2025-04-30T09:41:02.053Z,2025-04-30T09:41:02.053Z,4063010628104,https://cdn.dummyjson.com/public/qr-code.png,2,Poor quality!,2025-04-30T09:41:02.053Z,Benjamin Wilson,benjamin.wilson@x.dummyjson.com
5,Red Nail Polish,"The Red Nail Polish offers a rich and glossy red hue for vibrant and polished nails. With a quick-drying formula, it provides a salon-quality finish at home.",beauty,8.99,11.44,4.32,79,"['beauty', 'nail polish']",Nail Couture,BEA-NAI-NAI-005,8,1 month warranty,Ships overnight,In Stock,No return policy,22,['https://cdn.dummyjson.com/product-images/beauty/red-nail-polish/1.webp'],https://cdn.dummyjson.com/product-images/beauty/red-nail-polish/thumbnail.webp,21.63,16.48,29.84,2025-04-30T09:41:02.053Z,2025-04-30T09:41:02.053Z,4063010628104,https://cdn.dummyjson.com/public/qr-code.png,5,Great product!,2025-04-30T09:41:02.053Z,Liam Smith,liam.smith@x.dummyjson.com
5,Red Nail Polish,"The Red Nail Polish offers a rich and glossy red hue for vibrant and polished nails. With a quick-drying formula, it provides a salon-quality finish at home.",beauty,8.99,11.44,4.32,79,"['beauty', 'nail polish']",Nail Couture,BEA-NAI-NAI-005,8,1 month warranty,Ships overnight,In Stock,No return policy,22,['https://cdn.dummyjson.com/product-images/beauty/red-nail-polish/1.webp'],https://cdn.dummyjson.com/product-images/beauty/red-nail-polish/thumbnail.webp,21.63,16.48,29.84,2025-04-30T09:41:02.053Z,2025-04-30T09:41:02.053Z,4063010628104,https://cdn.dummyjson.com/public/qr-code.png,1,Very unhappy with my purchase!,2025-04-30T09:41:02.053Z,Clara Berry,clara.berry@x.dummyjson.com
6,Calvin Klein CK One,"CK One by Calvin Klein is a classic unisex fragrance, known for its fresh and clean scent. It's a versatile fragrance suitable for everyday wear.",fragrances,49.99,1.89,4.37,29,"['fragrances', 'perfumes']",Calvin Klein,FRA-CAL-CAL-006,7,1 week warranty,Ships overnight,In Stock,90 days return policy,9,"['https://cdn.dummyjson.com/product-images/fragrances/calvin-klein-ck-one/1.webp', 'https://cdn.dummyjson.com/product-images/fragrances/calvin-klein-ck-one/2.webp', 'https://cdn.dummyjson.com/product-images/fragrances/calvin-klein-ck-one/3.webp']",https://cdn.dummyjson.com/product-images/fragrances/calvin-klein-ck-one/thumbnail.webp,29.36,27.76,20.72,2025-04-30T09:41:02.053Z,2025-04-30T09:41:02.053Z,2451534060749,https://cdn.dummyjson.com/public/qr-code.png,2,Very disappointed!,2025-04-30T09:41:02.053Z,Layla Young,layla.young@x.dummyjson.com
6,Calvin Klein CK One,"CK One by Calvin Klein is a classic unisex fragrance, known for its fresh and clean scent. It's a versatile fragrance suitable for everyday wear.",fragrances,49.99,1.89,4.37,29,"['fragrances', 'perfumes']",Calvin Klein,FRA-CAL-CAL-006,7,1 week warranty,Ships overnight,In Stock,90 days return policy,9,"['https://cdn.dummyjson.com/product-images/fragrances/calvin-klein-ck-one/1.webp', 'https://cdn.dummyjson.com/product-images/fragrances/calvin-klein-ck-one/2.webp', 'https://cdn.dummyjson.com/product-images/fragrances/calvin-klein-ck-one/3.webp']",https://cdn.dummyjson.com/product-images/fragrances/calvin-klein-ck-one/thumbnail.webp,29.36,27.76,20.72,2025-04-30T09:41:02.053Z,2025-04-30T09:41:02.053Z,2451534060749,https://cdn.dummyjson.com/public/qr-code.png,4,Fast shipping!,2025-04-30T09:41:02.053Z,Daniel Cook,daniel.cook@x.dummyjson.com
6,Calvin Klein CK One,"CK One by Calvin Klein is a classic unisex fragrance, known for its fresh and clean scent. It's a versatile fragrance suitable for everyday wear.",fragrances,49.99,1.89,4.37,29,"['fragrances', 'perfumes']",Calvin Klein,FRA-CAL-CAL-006,7,1 week warranty,Ships overnight,In Stock,90 days return policy,9,"['https://cdn.dummyjson.com/product-images/fragrances/calvin-klein-ck-one/1.webp', 'https://cdn.dummyjson.com/product-images/fragrances/calvin-klein-ck-one/2.webp', 'https://cdn.dummyjson.com/product-images/fragrances/calvin-klein-ck-one/3.webp']",https://cdn.dummyjson.com/product-images/fragrances/calvin-klein-ck-one/thumbnail.webp,29.36,27.76,20.72,2025-04-30T09:41:02.053Z,2025-04-30T09:41:02.053Z,2451534060749,https://cdn.dummyjson.com/public/qr-code.png,3,Not as described!,2025-04-30T09:41:02.053Z,Jacob Cooper,jacob.cooper@x.dummyjson.com
7,Chanel Coco Noir Eau De,"Coco Noir by Chanel is an elegant and mysterious fragrance, featuring notes of grapefruit, rose, and sandalwood. Perfect for evening occasions.",fragrances,129.99,16.51,4.26,58,"['fragrances', 'perfumes']",Chanel,FRA-CHA-CHA-007,7,3 year warranty,Ships overnight,In Stock,No return policy,1,"['https://cdn.dummyjson.com/product-images/fragrances/chanel-coco-noir-eau-de/1.webp', 'https://cdn.dummyjson.com/product-images/fragrances/chanel-coco-noir-eau-de/2.webp', 'https://cdn.dummyjson.com/product-images/fragrances/chanel-coco-noir-eau-de/3.webp']",https://cdn.dummyjson.com/product-images/fragrances/chanel-coco-noir-eau-de/thumbnail.webp,24.5,25.7,25.98,2025-04-30T09:41:02.053Z,2025-04-30T09:41:02.053Z,4091737746820,https://cdn.dummyjson.com/public/qr-code.png,4,Highly impressed!,2025-04-30T09:41:02.053Z,Ruby Andrews,ruby.andrews@x.dummyjson.com
7,Chanel Coco Noir Eau De,"Coco Noir by Chanel is an elegant and mysterious fragrance, featuring notes of grapefruit, rose, and sandalwood. Perfect for evening occasions.",fragrances,129.99,16.51,4.26,58,"['fragrances', 'perfumes']",Chanel,FRA-CHA-CHA-007,7,3 year warranty,Ships overnight,In Stock,No return policy,1,"['https://cdn.dummyjson.com/product-images/fragrances/chanel-coco-noir-eau-de/1.webp', 'https://cdn.dummyjson.com/product-images/fragrances/chanel-coco-noir-eau-de/2.webp', 'https://cdn.dummyjson.com/product-images/fragrances/chanel-coco-noir-eau-de/3.webp']",https://cdn.dummyjson.com/product-images/fragrances/chanel-coco-noir-eau-de/thumbnail.webp,24.5,25.7,25.98,2025-04-30T09:41:02.053Z,2025-04-30T09:41:02.053Z,4091737746820,https://cdn.dummyjson.com/public/qr-code.png,5,Awesome product!,2025-04-30T09:41:02.053Z,Leah Henderson,leah.henderson@x.dummyjson.com
7,Chanel Coco Noir Eau De,"Coco Noir by Chanel is an elegant and mysterious fragrance, featuring notes of grapefruit, rose, and sandalwood. Perfect for evening occasions.",fragrances,129.99,16.51,4.26,58,"['fragrances', 'perfumes']",Chanel,FRA-CHA-CHA-007,7,3 year warranty,Ships overnight,In Stock,No return policy,1,"['https://cdn.dummyjson.com/product-images/fragrances/chanel-coco-noir-eau-de/1.webp', 'https://cdn.dummyjson.com/product-images/fragrances/chanel-coco-noir-eau-de/2.webp', 'https://cdn.dummyjson.com/product-images/fragrances/chanel-coco-noir-eau-de/3.webp']",https://cdn.dummyjson.com/product-images/fragrances/chanel-coco-noir-eau-de/thumbnail.webp,24.5,25.7,25.98,2025-04-30T09:41:02.053Z,2025-04-30T09:41:02.053Z,4091737746820,https://cdn.dummyjson.com/public/qr-code.png,5,Very happy with my purchase!,2025-04-30T09:41:02.053Z,Xavier Wright,xavier.wright@x.dummyjson.com
8,Dior J'adore,"J'adore by Dior is a luxurious and floral fragrance, known for its blend of ylang-ylang, rose, and jasmine. It embodies femininity and sophistication.",fragrances,89.99,14.72,3.8,98,"['fragrances', 'perfumes']",Dior,FRA-DIO-DIO-008,4,1 week warranty,Ships in 2 weeks,In Stock,7 days return policy,10,"[""https://cdn.dummyjson.com/product-images/fragrances/dior-j'adore/1.webp"", ""https://cdn.dummyjson.com/product-images/fragrances/dior-j'adore/2.webp"", ""https://cdn.dummyjson.com/product-images/fragrances/dior-j'adore/3.webp""]",https://cdn.dummyjson.com/product-images/fragrances/dior-j'adore/thumbnail.webp,27.67,28.28,11.83,2025-04-30T09:41:02.053Z,2025-04-30T09:41:02.053Z,1445086097250,https://cdn.dummyjson.com/public/qr-code.png,5,Great value for money!,2025-04-30T09:41:02.053Z,Nicholas Bailey,nicholas.bailey@x.dummyjson.com
8,Dior J'adore,"J'adore by Dior is a luxurious and floral fragrance, known for its blend of ylang-ylang, rose, and jasmine. It embodies femininity and sophistication.",fragrances,89.99,14.72,3.8,98,"['fragrances', 'perfumes']",Dior,FRA-DIO-DIO-008,4,1 week warranty,Ships in 2 weeks,In Stock,7 days return policy,10,"[""https://cdn.dummyjson.com/product-images/fragrances/dior-j'adore/1.webp"", ""https://cdn.dummyjson.com/product-images/fragrances/dior-j'adore/2.webp"", ""https://cdn.dummyjson.com/product-images/fragrances/dior-j'adore/3.webp""]",https://cdn.dummyjson.com/product-images/fragrances/dior-j'adore/thumbnail.webp,27.67,28.28,11.83,2025-04-30T09:41:02.053Z,2025-04-30T09:41:02.053Z,1445086097250,https://cdn.dummyjson.com/public/qr-code.png,4,Great value for money!,2025-04-30T09:41:02.053Z,Penelope Harper,penelope.harper@x.dummyjson.com
8,Dior J'adore,"J'adore by Dior is a luxurious and floral fragrance, known for its blend of ylang-ylang, rose, and jasmine. It embodies femininity and sophistication.",fragrances,89.99,14.72,3.8,98,"['fragrances', 'perfumes']",Dior,FRA-DIO-DIO-008,4,1 week warranty,Ships in 2 weeks,In Stock,7 days return policy,10,"[""https://cdn.dummyjson.com/product-images/fragrances/dior-j'adore/1.webp"", ""https://cdn.dummyjson.com/product-images/fragrances/dior-j'adore/2.webp"", ""https://cdn.dummyjson.com/product-images/fragrances/dior-j'adore/3.webp""]",https://cdn.dummyjson.com/product-images/fragrances/dior-j'adore/thumbnail.webp,27.67,28.28,11.83,2025-04-30T09:41:02.053Z,2025-04-30T09:41:02.053Z,1445086097250,https://cdn.dummyjson.com/public/qr-code.png,4,Great product!,2025-04-30T09:41:02.053Z,Emma Miller,emma.miller@x.dummyjson.com
9,Dolce Shine Eau de,"Dolce Shine by Dolce & Gabbana is a vibrant and fruity fragrance, featuring notes of mango, jasmine, and blonde woods. It's a joyful and youthful scent.",fragrances,69.99,0.62,3.96,4,"['fragrances', 'perfumes']",Dolce & Gabbana,FRA-DOL-DOL-009,6,3 year warranty,Ships in 1 month,Low Stock,7 days return policy,2,"['https://cdn.dummyjson.com/product-images/fragrances/dolce-shine-eau-de/1.webp', 'https://cdn.dummyjson.com/product-images/fragrances/dolce-shine-eau-de/2.webp', 'https://cdn.dummyjson.com/product-images/fragrances/dolce-shine-eau-de/3.webp']",https://cdn.dummyjson.com/product-images/fragrances/dolce-shine-eau-de/thumbnail.webp,27.28,29.88,18.3,2025-04-30T09:41:02.053Z,2025-04-30T09:41:02.053Z,3023868210708,https://cdn.dummyjson.com/public/qr-code.png,4,Would buy again!,2025-04-30T09:41:02.053Z,Mateo Bennett,mateo.bennett@x.dummyjson.com
9,Dolce Shine Eau de,"Dolce Shine by Dolce & Gabbana is a vibrant and fruity fragrance, featuring notes of mango, jasmine, and blonde woods. It's a joyful and youthful scent.",fragrances,69.99,0.62,3.96,4,"['fragrances', 'perfumes']",Dolce & Gabbana,FRA-DOL-DOL-009,6,3 year warranty,Ships in 1 month,Low Stock,7 days return policy,2,"['https://cdn.dummyjson.com/product-images/fragrances/dolce-shine-eau-de/1.webp', 'https://cdn.dummyjson.com/product-images/fragrances/dolce-shine-eau-de/2.webp', 'https://cdn.dummyjson.com/product-images/fragrances/dolce-shine-eau-de/3.webp']",https://cdn.dummyjson.com/product-images/fragrances/dolce-shine-eau-de/thumbnail.webp,27.28,29.88,18.3,2025-04-30T09:41:02.053Z,2025-04-30T09:41:02.053Z,3023868210708,https://cdn.dummyjson.com/public/qr-code.png,4,Highly recommended!,2025-04-30T09:41:02.053Z,Nolan Gonzalez,nolan.gonzalez@x.dummyjson.com
9,Dolce Shine Eau de,"Dolce Shine by Dolce & Gabbana is a vibrant and fruity fragrance, featuring notes of mango, jasmine, and blonde woods. It's a joyful and youthful scent.",fragrances,69.99,0.62,3.96,4,"['fragrances', 'perfumes']",Dolce & Gabbana,FRA-DOL-DOL-009,6,3 year warranty,Ships in 1 month,Low Stock,7 days return policy,2,"['https://cdn.dummyjson.com/product-images/fragrances/dolce-shine-eau-de/1.webp', 'https://cdn.dummyjson.com/product-images/fragrances/dolce-shine-eau-de/2.webp', 'https://cdn.dummyjson.com/product-images/fragrances/dolce-shine-eau-de/3.webp']",https://cdn.dummyjson.com/product-images/fragrances/dolce-shine-eau-de/thumbnail.webp,27.28,29.88,18.3,2025-04-30T09:41:02.053Z,2025-04-30T09:41:02.053Z,3023868210708,https://cdn.dummyjson.com/public/qr-code.png,5,Very happy with my purchase!,2025-04-30T09:41:02.053Z,Aurora Lawson,aurora.lawson@x.dummyjson.com
10,Gucci Bloom Eau de,"Gucci Bloom by Gucci is a floral and captivating fragrance, with notes of tuberose, jasmine, and Rangoon creeper. It's a modern and romantic scent.",fragrances,79.99,14.39,2.74,91,"['fragrances', 'perfumes']",Gucci,FRA-GUC-GUC-010,7,6 months warranty,Ships overnight,In Stock,No return policy,2,"['https://cdn.dummyjson.com/product-images/fragrances/gucci-bloom-eau-de/1.webp', 'https://cdn.dummyjson.com/product-images/fragrances/gucci-bloom-eau-de/2.webp', 'https://cdn.dummyjson.com/product-images/fragrances/gucci-bloom-eau-de/3.webp']",https://cdn.dummyjson.com/product-images/fragrances/gucci-bloom-eau-de/thumbnail.webp,20.92,21.68,11.2,2025-04-30T09:41:02.053Z,2025-04-30T09:41:02.053Z,3170832177880,https://cdn.dummyjson.com/public/qr-code.png,1,Very dissatisfied!,2025-04-30T09:41:02.053Z,Cameron Perez,cameron.perez@x.dummyjson.com
10,Gucci Bloom Eau de,"Gucci Bloom by Gucci is a floral and captivating fragrance, with notes of tuberose, jasmine, and Rangoon creeper. It's a modern and romantic scent.",fragrances,79.99,14.39,2.74,91,"['fragrances', 'perfumes']",Gucci,FRA-GUC-GUC-010,7,6 months warranty,Ships overnight,In Stock,No return policy,2,"['https://cdn.dummyjson.com/product-images/fragrances/gucci-bloom-eau-de/1.webp', 'https://cdn.dummyjson.com/product-images/fragrances/gucci-bloom-eau-de/2.webp', 'https://cdn.dummyjson.com/product-images/fragrances/gucci-bloom-eau-de/3.webp']",https://cdn.dummyjson.com/product-images/fragrances/gucci-bloom-eau-de/thumbnail.webp,20.92,21.68,11.2,2025-04-30T09:41:02.053Z,2025-04-30T09:41:02.053Z,3170832177880,https://cdn.dummyjson.com/public/qr-code.png,5,Very happy with my purchase!,2025-04-30T09:41:02.053Z,Daniel Cook,daniel.cook@x.dummyjson.com
10,Gucci Bloom Eau de,"Gucci Bloom by Gucci is a floral and captivating fragrance, with notes of tuberose, jasmine, and Rangoon creeper. It's a modern and romantic scent.",fragrances,79.99,14.39,2.74,91,"['fragrances', 'perfumes']",Gucci,FRA-GUC-GUC-010,7,6 months warranty,Ships overnight,In Stock,No return policy,2,"['https://cdn.dummyjson.com/product-images/fragrances/gucci-bloom-eau-de/1.webp', 'https://cdn.dummyjson.com/product-images/fragrances/gucci-bloom-eau-de/2.webp', 'https://cdn.dummyjson.com/product-images/fragrances/gucci-bloom-eau-de/3.webp']",https://cdn.dummyjson.com/product-images/fragrances/gucci-bloom-eau-de/thumbnail.webp,20.92,21.68,11.2,2025-04-30T09:41:02.053Z,2025-04-30T09:41:02.053Z,3170832177880,https://cdn.dummyjson.com/public/qr-code.png,4,Highly impressed!,2025-04-30T09:41:02.053Z,Addison Wright,addison.wright@x.dummyjson.com
11,Annibale Colombo Bed,"The Annibale Colombo Bed is a luxurious and elegant bed frame, crafted with high-quality materials for a comfortable and stylish bedroom.",furniture,1899.99,8.57,4.77,88,"['furniture', 'beds']",Annibale Colombo,FUR-ANN-ANN-011,10,1 year warranty,Ships in 1 month,In Stock,No return policy,1,"['https://cdn.dummyjson.com/product-images/furniture/annibale-colombo-bed/1.webp', 'https://cdn.dummyjson.com/product-images/furniture/annibale-colombo-bed/2.webp', 'https://cdn.dummyjson.com/product-images/furniture/annibale-colombo-bed/3.webp']",https://cdn.dummyjson.com/product-images/furniture/annibale-colombo-bed/thumbnail.webp,28.16,25.36,17.28,2025-04-30T09:41:02.053Z,2025-04-30T09:41:02.053Z,3610757456581,https://cdn.dummyjson.com/public/qr-code.png,2,Would not recommend!,2025-04-30T09:41:02.053Z,Christopher West,christopher.west@x.dummyjson.com
11,Annibale Colombo Bed,"The Annibale Colombo Bed is a luxurious and elegant bed frame, crafted with high-quality materials for a comfortable and stylish bedroom.",furniture,1899.99,8.57,4.77,88,"['furniture', 'beds']",Annibale Colombo,FUR-ANN-ANN-011,10,1 year warranty,Ships in 1 month,In Stock,No return policy,1,"['https://cdn.dummyjson.com/product-images/furniture/annibale-colombo-bed/1.webp', 'https://cdn.dummyjson.com/product-images/furniture/annibale-colombo-bed/2.webp', 'https://cdn.dummyjson.com/product-images/furniture/annibale-colombo-bed/3.webp']",https://cdn.dummyjson.com/product-images/furniture/annibale-colombo-bed/thumbnail.webp,28.16,25.36,17.28,2025-04-30T09:41:02.053Z,2025-04-30T09:41:02.053Z,3610757456581,https://cdn.dummyjson.com/public/qr-code.png,4,Highly impressed!,2025-04-30T09:41:02.053Z,Vivian Carter,vivian.carter@x.dummyjson.com
11,Annibale Colombo Bed,"The Annibale Colombo Bed is a luxurious and elegant bed frame, crafted with high-quality materials for a comfortable and stylish bedroom.",furniture,1899.99,8.57,4.77,88,"['furniture', 'beds']",Annibale Colombo,FUR-ANN-ANN-011,10,1 year warranty,Ships in 1 month,In Stock,No return policy,1,"['https://cdn.dummyjson.com/product-images/furniture/annibale-colombo-bed/1.webp', 'https://cdn.dummyjson.com/product-images/furniture/annibale-colombo-bed/2.webp', 'https://cdn.dummyjson.com/product-images/furniture/annibale-colombo-bed/3.webp']",https://cdn.dummyjson.com/product-images/furniture/annibale-colombo-bed/thumbnail.webp,28.16,25.36,17.28,2025-04-30T09:41:02.053Z,2025-04-30T09:41:02.053Z,3610757456581,https://cdn.dummyjson.com/public/qr-code.png,1,Poor quality!,2025-04-30T09:41:02.053Z,Mason Wright,mason.wright@x.dummyjson.com
12,Annibale Colombo Sofa,"The Annibale Colombo Sofa is a sophisticated and comfortable seating option, featuring exquisite design and premium upholstery for your living room.",furniture,2499.99,14.4,3.92,60,"['furniture', 'sofas']",Annibale Colombo,FUR-ANN-ANN-012,6,Lifetime warranty,Ships in 1 week,In Stock,7 days return policy,1,"['https://cdn.dummyjson.com/product-images/furniture/annibale-colombo-sofa/1.webp', 'https://cdn.dummyjson.com/product-images/furniture/annibale-colombo-sofa/2.webp', 'https://cdn.dummyjson.com/product-images/furniture/annibale-colombo-sofa/3.webp']",https://cdn.dummyjson.com/product-images/furniture/annibale-colombo-sofa/thumbnail.webp,12.75,20.55,19.06,2025-04-30T09:41:02.053Z,2025-04-30T09:41:02.053Z,1777662847736,https://cdn.dummyjson.com/public/qr-code.png,3,Very unhappy with my purchase!,2025-04-30T09:41:02.053Z,Christian Perez,christian.perez@x.dummyjson.com
12,Annibale Colombo Sofa,"The Annibale Colombo Sofa is a sophisticated and comfortable seating option, featuring exquisite design and premium upholstery for your living room.",furniture,2499.99,14.4,3.92,60,"['furniture', 'sofas']",Annibale Colombo,FUR-ANN-ANN-012,6,Lifetime warranty,Ships in 1 week,In Stock,7 days return policy,1,"['https://cdn.dummyjson.com/product-images/furniture/annibale-colombo-sofa/1.webp', 'https://cdn.dummyjson.com/product-images/furniture/annibale-colombo-sofa/2.webp', 'https://cdn.dummyjson.com/product-images/furniture/annibale-colombo-sofa/3.webp']",https://cdn.dummyjson.com/product-images/furniture/annibale-colombo-sofa/thumbnail.webp,12.75,20.55,19.06,2025-04-30T09:41:02.053Z,2025-04-30T09:41:02.053Z,1777662847736,https://cdn.dummyjson.com/public/qr-code.png,5,Fast shipping!,2025-04-30T09:41:02.053Z,Lillian Bishop,lillian.bishop@x.dummyjson.com
12,Annibale Colombo Sofa,"The Annibale Colombo Sofa is a sophisticated and comfortable seating option, featuring exquisite design and premium upholstery for your living room.",furniture,2499.99,14.4,3.92,60,"['furniture', 'sofas']",Annibale Colombo,FUR-ANN-ANN-012,6,Lifetime warranty,Ships in 1 week,In Stock,7 days return policy,1,"['https://cdn.dummyjson.com/product-images/furniture/annibale-colombo-sofa/1.webp', 'https://cdn.dummyjson.com/product-images/furniture/annibale-colombo-sofa/2.webp', 'https://cdn.dummyjson.com/product-images/furniture/annibale-colombo-sofa/3.webp']",https://cdn.dummyjson.com/product-images/furniture/annibale-colombo-sofa/thumbnail.webp,12.75,20.55,19.06,2025-04-30T09:41:02.053Z,2025-04-30T09:41:02.053Z,1777662847736,https://cdn.dummyjson.com/public/qr-code.png,1,Poor quality!,2025-04-30T09:41:02.053Z,Lillian Simmons,lillian.simmons@x.dummyjson.com
13,Bedside Table African Cherry,"The Bedside Table in African Cherry is a stylish and functional addition to your bedroom, providing convenient storage space and a touch of elegance.",furniture,299.99,19.09,2.87,64,"['furniture', 'bedside tables']",Furniture Co.,FUR-FUR-BED-013,2,5 year warranty,Ships overnight,In Stock,7 days return policy,3,"['https://cdn.dummyjson.com/product-images/furniture/bedside-table-african-cherry/1.webp', 'https://cdn.dummyjson.com/product-images/furniture/bedside-table-african-cherry/2.webp', 'https://cdn.dummyjson.com/product-images/furniture/bedside-table-african-cherry/3.webp']",https://cdn.dummyjson.com/product-images/furniture/bedside-table-african-cherry/thumbnail.webp,13.47,24.99,27.35,2025-04-30T09:41:02.053Z,2025-04-30T09:41:02.053Z,6441287925979,https://cdn.dummyjson.com/public/qr-code.png,4,Excellent quality!,2025-04-30T09:41:02.053Z,Aaliyah Hanson,aaliyah.hanson@x.dummyjson.com
13,Bedside Table African Cherry,"The Bedside Table in African Cherry is a stylish and functional addition to your bedroom, providing convenient storage space and a touch of elegance.",furniture,299.99,19.09,2.87,64,"['furniture', 'bedside tables']",Furniture Co.,FUR-FUR-BED-013,2,5 year warranty,Ships overnight,In Stock,7 days return policy,3,"['https://cdn.dummyjson.com/product-images/furniture/bedside-table-african-cherry/1.webp', 'https://cdn.dummyjson.com/product-images/furniture/bedside-table-african-cherry/2.webp', 'https://cdn.dummyjson.com/product-images/furniture/bedside-table-african-cherry/3.webp']",https://cdn.dummyjson.com/product-images/furniture/bedside-table-african-cherry/thumbnail.webp,13.47,24.99,27.35,2025-04-30T09:41:02.053Z,2025-04-30T09:41:02.053Z,6441287925979,https://cdn.dummyjson.com/public/qr-code.png,4,Excellent quality!,2025-04-30T09:41:02.053Z,Liam Smith,liam.smith@x.dummyjson.com
13,Bedside Table African Cherry,"The Bedside Table in African Cherry is a stylish and functional addition to your bedroom, providing convenient storage space and a touch of elegance.",furniture,299.99,19.09,2.87,64,"['furniture', 'bedside tables']",Furniture Co.,FUR-FUR-BED-013,2,5 year warranty,Ships overnight,In Stock,7 days return policy,3,"['https://cdn.dummyjson.com/product-images/furniture/bedside-table-african-cherry/1.webp', 'https://cdn.dummyjson.com/product-images/furniture/bedside-table-african-cherry/2.webp', 'https://cdn.dummyjson.com/product-images/furniture/bedside-table-african-cherry/3.webp']",https://cdn.dummyjson.com/product-images/furniture/bedside-table-african-cherry/thumbnail.webp,13.47,24.99,27.35,2025-04-30T09:41:02.053Z,2025-04-30T09:41:02.053Z,6441287925979,https://cdn.dummyjson.com/public/qr-code.png,4,Highly recommended!,2025-04-30T09:41:02.053Z,Avery Barnes,avery.barnes@x.dummyjson.com
14,Knoll Saarinen Executive Conference Chair,"The Knoll Saarinen Executive Conference Chair is a modern and ergonomic chair, perfect for your office or conference room with its timeless design.",furniture,499.99,2.01,4.88,26,"['furniture', 'office chairs']",Knoll,FUR-KNO-KNO-014,10,2 year warranty,Ships overnight,In Stock,60 days return policy,5,"['https://cdn.dummyjson.com/product-images/furniture/knoll-saarinen-executive-conference-chair/1.webp', 'https://cdn.dummyjson.com/product-images/furniture/knoll-saarinen-executive-conference-chair/2.webp', 'https://cdn.dummyjson.com/product-images/furniture/knoll-saarinen-executive-conference-chair/3.webp']",https://cdn.dummyjson.com/product-images/furniture/knoll-saarinen-executive-conference-chair/thumbnail.webp,13.81,7.5,5.62,2025-04-30T09:41:02.053Z,2025-04-30T09:41:02.053Z,8919386859966,https://cdn.dummyjson.com/public/qr-code.png,2,Waste of money!,2025-04-30T09:41:02.053Z,Ella Cook,ella.cook@x.dummyjson.com
14,Knoll Saarinen Executive Conference Chair,"The Knoll Saarinen Executive Conference Chair is a modern and ergonomic chair, perfect for your office or conference room with its timeless design.",furniture,499.99,2.01,4.88,26,"['furniture', 'office chairs']",Knoll,FUR-KNO-KNO-014,10,2 year warranty,Ships overnight,In Stock,60 days return policy,5,"['https://cdn.dummyjson.com/product-images/furniture/knoll-saarinen-executive-conference-chair/1.webp', 'https://cdn.dummyjson.com/product-images/furniture/knoll-saarinen-executive-conference-chair/2.webp', 'https://cdn.dummyjson.com/product-images/furniture/knoll-saarinen-executive-conference-chair/3.webp']",https://cdn.dummyjson.com/product-images/furniture/knoll-saarinen-executive-conference-chair/thumbnail.webp,13.81,7.5,5.62,2025-04-30T09:41:02.053Z,2025-04-30T09:41:02.053Z,8919386859966,https://cdn.dummyjson.com/public/qr-code.png,2,Very dissatisfied!,2025-04-30T09:41:02.053Z,Clara Berry,clara.berry@x.dummyjson.com
14,Knoll Saarinen Executive Conference Chair,"The Knoll Saarinen Executive Conference Chair is a modern and ergonomic chair, perfect for your office or conference room with its timeless design.",furniture,499.99,2.01,4.88,26,"['furniture', 'office chairs']",Knoll,FUR-KNO-KNO-014,10,2 year warranty,Ships overnight,In Stock,60 days return policy,5,"['https://cdn.dummyjson.com/product-images/furniture/knoll-saarinen-executive-conference-chair/1.webp', 'https://cdn.dummyjson.com/product-images/furniture/knoll-saarinen-executive-conference-chair/2.webp', 'https://cdn.dummyjson.com/product-images/furniture/knoll-saarinen-executive-conference-chair/3.webp']",https://cdn.dummyjson.com/product-images/furniture/knoll-saarinen-executive-conference-chair/thumbnail.webp,13.81,7.5,5.62,2025-04-30T09:41:02.053Z,2025-04-30T09:41:02.053Z,8919386859966,https://cdn.dummyjson.com/public/qr-code.png,5,Would buy again!,2025-04-30T09:41:02.053Z,Elena Long,elena.long@x.dummyjson.com
15,Wooden Bathroom Sink With Mirror,"The Wooden Bathroom Sink with Mirror is a unique and stylish addition to your bathroom, featuring a wooden sink countertop and a matching mirror.",furniture,799.99,8.8,3.59,7,"['furniture', 'bathroom']",Bath Trends,FUR-BAT-WOO-015,10,3 year warranty,Ships in 3-5 business days,Low Stock,60 days return policy,2,"['https://cdn.dummyjson.com/product-images/furniture/wooden-bathroom-sink-with-mirror/1.webp', 'https://cdn.dummyjson.com/product-images/furniture/wooden-bathroom-sink-with-mirror/2.webp', 'https://cdn.dummyjson.com/product-images/furniture/wooden-bathroom-sink-with-mirror/3.webp']",https://cdn.dummyjson.com/product-images/furniture/wooden-bathroom-sink-with-mirror/thumbnail.webp,7.98,8.88,28.46,2025-04-30T09:41:02.053Z,2025-04-30T09:41:02.053Z,1958104402873,https://cdn.dummyjson.com/public/qr-code.png,4,Fast shipping!,2025-04-30T09:41:02.053Z,Logan Torres,logan.torres@x.dummyjson.com
15,Wooden Bathroom Sink With Mirror,"The Wooden Bathroom Sink with Mirror is a unique and stylish addition to your bathroom, featuring a wooden sink countertop and a matching mirror.",furniture,799.99,8.8,3.59,7,"['furniture', 'bathroom']",Bath Trends,FUR-BAT-WOO-015,10,3 year warranty,Ships in 3-5 business days,Low Stock,60 days return policy,2,"['https://cdn.dummyjson.com/product-images/furniture/wooden-bathroom-sink-with-mirror/1.webp', 'https://cdn.dummyjson.com/product-images/furniture/wooden-bathroom-sink-with-mirror/2.webp', 'https://cdn.dummyjson.com/product-images/furniture/wooden-bathroom-sink-with-mirror/3.webp']",https://cdn.dummyjson.com/product-images/furniture/wooden-bathroom-sink-with-mirror/thumbnail.webp,7.98,8.88,28.46,2025-04-30T09:41:02.053Z,2025-04-30T09:41:02.053Z,1958104402873,https://cdn.dummyjson.com/public/qr-code.png,5,Very pleased!,2025-04-30T09:41:02.053Z,Aria Parker,aria.parker@x.dummyjson.com
15,Wooden Bathroom Sink With Mirror,"The Wooden Bathroom Sink with Mirror is a unique and stylish addition to your bathroom, featuring a wooden sink countertop and a matching mirror.",furniture,799.99,8.8,3.59,7,"['furniture', 'bathroom']",Bath Trends,FUR-BAT-WOO-015,10,3 year warranty,Ships in 3-5 business days,Low Stock,60 days return policy,2,"['https://cdn.dummyjson.com/product-images/furniture/wooden-bathroom-sink-with-mirror/1.webp', 'https://cdn.dummyjson.com/product-images/furniture/wooden-bathroom-sink-with-mirror/2.webp', 'https://cdn.dummyjson.com/product-images/furniture/wooden-bathroom-sink-with-mirror/3.webp']",https://cdn.dummyjson.com/product-images/furniture/wooden-bathroom-sink-with-mirror/thumbnail.webp,7.98,8.88,28.46,2025-04-30T09:41:02.053Z,2025-04-30T09:41:02.053Z,1958104402873,https://cdn.dummyjson.com/public/qr-code.png,3,Poor quality!,2025-04-30T09:41:02.053Z,Dylan Wells,dylan.wells@x.dummyjson.com
16,Apple,"Fresh and crisp apples, perfect for snacking or incorporating into various recipes.",groceries,1.99,12.62,4.19,8,['fruits'],,GRO-BRD-APP-016,9,3 year warranty,Ships in 2 weeks,In Stock,90 days return policy,7,['https://cdn.dummyjson.com/product-images/groceries/apple/1.webp'],https://cdn.dummyjson.com/product-images/groceries/apple/thumbnail.webp,13.66,11.01,9.73,2025-04-30T09:41:02.053Z,2025-04-30T09:41:02.053Z,7962803553314,https://cdn.dummyjson.com/public/qr-code.png,5,Very satisfied!,2025-04-30T09:41:02.053Z,Sophia Brown,sophia.brown@x.dummyjson.com
16,Apple,"Fresh and crisp apples, perfect for snacking or incorporating into various recipes.",groceries,1.99,12.62,4.19,8,['fruits'],,GRO-BRD-APP-016,9,3 year warranty,Ships in 2 weeks,In Stock,90 days return policy,7,['https://cdn.dummyjson.com/product-images/groceries/apple/1.webp'],https://cdn.dummyjson.com/product-images/groceries/apple/thumbnail.webp,13.66,11.01,9.73,2025-04-30T09:41:02.053Z,2025-04-30T09:41:02.053Z,7962803553314,https://cdn.dummyjson.com/public/qr-code.png,1,Very dissatisfied!,2025-04-30T09:41:02.053Z,Scarlett Bowman,scarlett.bowman@x.dummyjson.com
16,Apple,"Fresh and crisp apples, perfect for snacking or incorporating into various recipes.",groceries,1.99,12.62,4.19,8,['fruits'],,GRO-BRD-APP-016,9,3 year warranty,Ships in 2 weeks,In Stock,90 days return policy,7,['https://cdn.dummyjson.com/product-images/groceries/apple/1.webp'],https://cdn.dummyjson.com/product-images/groceries/apple/thumbnail.webp,13.66,11.01,9.73,2025-04-30T09:41:02.053Z,2025-04-30T09:41:02.053Z,7962803553314,https://cdn.dummyjson.com/public/qr-code.png,3,Very unhappy with my purchase!,2025-04-30T09:41:02.053Z,William Gonzalez,william.gonzalez@x.dummyjson.com
17,Beef Steak,"High-quality beef steak, great for grilling or cooking to your preferred level of doneness.",groceries,12.99,9.61,4.47,86,['meat'],,GRO-BRD-BEE-017,10,3 year warranty,Ships overnight,In Stock,60 days return policy,43,['https://cdn.dummyjson.com/product-images/groceries/beef-steak/1.webp'],https://cdn.dummyjson.com/product-images/groceries/beef-steak/thumbnail.webp,18.9,5.77,18.57,2025-04-30T09:41:02.053Z,2025-04-30T09:41:02.053Z,5640063409695,https://cdn.dummyjson.com/public/qr-code.png,3,Would not recommend!,2025-04-30T09:41:02.053Z,Eleanor Tyler,eleanor.tyler@x.dummyjson.com
17,Beef Steak,"High-quality beef steak, great for grilling or cooking to your preferred level of doneness.",groceries,12.99,9.61,4.47,86,['meat'],,GRO-BRD-BEE-017,10,3 year warranty,Ships overnight,In Stock,60 days return policy,43,['https://cdn.dummyjson.com/product-images/groceries/beef-steak/1.webp'],https://cdn.dummyjson.com/product-images/groceries/beef-steak/thumbnail.webp,18.9,5.77,18.57,2025-04-30T09:41:02.053Z,2025-04-30T09:41:02.053Z,5640063409695,https://cdn.dummyjson.com/public/qr-code.png,4,Fast shipping!,2025-04-30T09:41:02.053Z,Alexander Jones,alexander.jones@x.dummyjson.com
17,Beef Steak,"High-quality beef steak, great for grilling or cooking to your preferred level of doneness.",groceries,12.99,9.61,4.47,86,['meat'],,GRO-BRD-BEE-017,10,3 year warranty,Ships overnight,In Stock,60 days return policy,43,['https://cdn.dummyjson.com/product-images/groceries/beef-steak/1.webp'],https://cdn.dummyjson.com/product-images/groceries/beef-steak/thumbnail.webp,18.9,5.77,18.57,2025-04-30T09:41:02.053Z,2025-04-30T09:41:02.053Z,5640063409695,https://cdn.dummyjson.com/public/qr-code.png,5,Great value for money!,2025-04-30T09:41:02.053Z,Natalie Harris,natalie.harris@x.dummyjson.com
18,Cat Food,Nutritious cat food formulated to meet the dietary needs of your feline friend.,groceries,8.99,9.58,3.13,46,"['pet supplies', 'cat food']",,GRO-BRD-FOO-018,10,1 year warranty,Ships overnight,In Stock,No return policy,18,['https://cdn.dummyjson.com/product-images/groceries/cat-food/1.webp'],https://cdn.dummyjson.com/product-images/groceries/cat-food/thumbnail.webp,18.08,9.26,21.86,2025-04-30T09:41:02.053Z,2025-04-30T09:41:02.053Z,1483991328610,https://cdn.dummyjson.com/public/qr-code.png,3,Would not recommend!,2025-04-30T09:41:02.053Z,Noah Lewis,noah.lewis@x.dummyjson.com
18,Cat Food,Nutritious cat food formulated to meet the dietary needs of your feline friend.,groceries,8.99,9.58,3.13,46,"['pet supplies', 'cat food']",,GRO-BRD-FOO-018,10,1 year warranty,Ships overnight,In Stock,No return policy,18,['https://cdn.dummyjson.com/product-images/groceries/cat-food/1.webp'],https://cdn.dummyjson.com/product-images/groceries/cat-food/thumbnail.webp,18.08,9.26,21.86,2025-04-30T09:41:02.053Z,2025-04-30T09:41:02.053Z,1483991328610,https://cdn.dummyjson.com/public/qr-code.png,3,Very unhappy with my purchase!,2025-04-30T09:41:02.053Z,Ruby Andrews,ruby.andrews@x.dummyjson.com
18,Cat Food,Nutritious cat food formulated to meet the dietary needs of your feline friend.,groceries,8.99,9.58,3.13,46,"['pet supplies', 'cat food']",,GRO-BRD-FOO-018,10,1 year warranty,Ships overnight,In Stock,No return policy,18,['https://cdn.dummyjson.com/product-images/groceries/cat-food/1.webp'],https://cdn.dummyjson.com/product-images/groceries/cat-food/thumbnail.webp,18.08,9.26,21.86,2025-04-30T09:41:02.053Z,2025-04-30T09:41:02.053Z,1483991328610,https://cdn.dummyjson.com/public/qr-code.png,2,Very disappointed!,2025-04-30T09:41:02.053Z,Ethan Thompson,ethan.thompson@x.dummyjson.com
19,Chicken Meat,"Fresh and tender chicken meat, suitable for various culinary preparations.",groceries,9.99,13.7,3.19,97,['meat'],,GRO-BRD-CHI-019,1,1 year warranty,Ships in 1 month,In Stock,7 days return policy,22,"['https://cdn.dummyjson.com/product-images/groceries/chicken-meat/1.webp', 'https://cdn.dummyjson.com/product-images/groceries/chicken-meat/2.webp']",https://cdn.dummyjson.com/product-images/groceries/chicken-meat/thumbnail.webp,11.03,22.11,16.01,2025-04-30T09:41:02.053Z,2025-04-30T09:41:02.053Z,8829514594521,https://cdn.dummyjson.com/public/qr-code.png,5,Great product!,2025-04-30T09:41:02.053Z,Mateo Bennett,mateo.bennett@x.dummyjson.com
19,Chicken Meat,"Fresh and tender chicken meat, suitable for various culinary preparations.",groceries,9.99,13.7,3.19,97,['meat'],,GRO-BRD-CHI-019,1,1 year warranty,Ships in 1 month,In Stock,7 days return policy,22,"['https://cdn.dummyjson.com/product-images/groceries/chicken-meat/1.webp', 'https://cdn.dummyjson.com/product-images/groceries/chicken-meat/2.webp']",https://cdn.dummyjson.com/product-images/groceries/chicken-meat/thumbnail.webp,11.03,22.11,16.01,2025-04-30T09:41:02.053Z,2025-04-30T09:41:02.053Z,8829514594521,https://cdn.dummyjson.com/public/qr-code.png,4,Highly recommended!,2025-04-30T09:41:02.053Z,Jackson Evans,jackson.evans@x.dummyjson.com
19,Chicken Meat,"Fresh and tender chicken meat, suitable for various culinary preparations.",groceries,9.99,13.7,3.19,97,['meat'],,GRO-BRD-CHI-019,1,1 year warranty,Ships in 1 month,In Stock,7 days return policy,22,"['https://cdn.dummyjson.com/product-images/groceries/chicken-meat/1.webp', 'https://cdn.dummyjson.com/product-images/groceries/chicken-meat/2.webp']",https://cdn.dummyjson.com/product-images/groceries/chicken-meat/thumbnail.webp,11.03,22.11,16.01,2025-04-30T09:41:02.053Z,2025-04-30T09:41:02.053Z,8829514594521,https://cdn.dummyjson.com/public/qr-code.png,3,Not worth the price!,2025-04-30T09:41:02.053Z,Sadie Morales,sadie.morales@x.dummyjson.com
20,Cooking Oil,"Versatile cooking oil suitable for frying, sautéing, and various culinary applications.",groceries,4.99,9.33,4.8,10,['cooking essentials'],,GRO-BRD-COO-020,5,Lifetime warranty,Ships in 1-2 business days,In Stock,30 days return policy,46,['https://cdn.dummyjson.com/product-images/groceries/cooking-oil/1.webp'],https://cdn.dummyjson.com/product-images/groceries/cooking-oil/thumbnail.webp,19.95,27.54,24.86,2025-04-30T09:41:02.053Z,2025-04-30T09:41:02.053Z,4874727824518,https://cdn.dummyjson.com/public/qr-code.png,5,Very happy with my purchase!,2025-04-30T09:41:02.053Z,Victoria McDonald,victoria.mcdonald@x.dummyjson.com
20,Cooking Oil,"Versatile cooking oil suitable for frying, sautéing, and various culinary applications.",groceries,4.99,9.33,4.8,10,['cooking essentials'],,GRO-BRD-COO-020,5,Lifetime warranty,Ships in 1-2 business days,In Stock,30 days return policy,46,['https://cdn.dummyjson.com/product-images/groceries/cooking-oil/1.webp'],https://cdn.dummyjson.com/product-images/groceries/cooking-oil/thumbnail.webp,19.95,27.54,24.86,2025-04-30T09:41:02.053Z,2025-04-30T09:41:02.053Z,4874727824518,https://cdn.dummyjson.com/public/qr-code.png,2,Would not recommend!,2025-04-30T09:41:02.053Z,Hazel Evans,hazel.evans@x.dummyjson.com
20,Cooking Oil,"Versatile cooking oil suitable for frying, sautéing, and various culinary applications.",groceries,4.99,9.33,4.8,10,['cooking essentials'],,GRO-BRD-COO-020,5,Lifetime warranty,Ships in 1-2 business days,In Stock,30 days return policy,46,['https://cdn.dummyjson.com/product-images/groceries/cooking-oil/1.webp'],https://cdn.dummyjson.com/product-images/groceries/cooking-oil/thumbnail.webp,19.95,27.54,24.86,2025-04-30T09:41:02.053Z,2025-04-30T09:41:02.053Z,4874727824518,https://cdn.dummyjson.com/public/qr-code.png,5,Would buy again!,2025-04-30T09:41:02.053Z,Zoe Bennett,zoe.bennett@x.dummyjson.com
21,Cucumber,"Crisp and hydrating cucumbers, ideal for salads, snacks, or as a refreshing side.",groceries,1.49,0.16,4.07,84,['vegetables'],,GRO-BRD-CUC-021,4,2 year warranty,Ships in 1-2 business days,In Stock,7 days return policy,2,['https://cdn.dummyjson.com/product-images/groceries/cucumber/1.webp'],https://cdn.dummyjson.com/product-images/groceries/cucumber/thumbnail.webp,12.8,28.38,21.34,2025-04-30T09:41:02.053Z,2025-04-30T09:41:02.053Z,5300066378225,https://cdn.dummyjson.com/public/qr-code.png,4,Great product!,2025-04-30T09:41:02.053Z,Lincoln Kelly,lincoln.kelly@x.dummyjson.com
21,Cucumber,"Crisp and hydrating cucumbers, ideal for salads, snacks, or as a refreshing side.",groceries,1.49,0.16,4.07,84,['vegetables'],,GRO-BRD-CUC-021,4,2 year warranty,Ships in 1-2 business days,In Stock,7 days return policy,2,['https://cdn.dummyjson.com/product-images/groceries/cucumber/1.webp'],https://cdn.dummyjson.com/product-images/groceries/cucumber/thumbnail.webp,12.8,28.38,21.34,2025-04-30T09:41:02.053Z,2025-04-30T09:41:02.053Z,5300066378225,https://cdn.dummyjson.com/public/qr-code.png,4,Great value for money!,2025-04-30T09:41:02.053Z,Savannah Gomez,savannah.gomez@x.dummyjson.com
21,Cucumber,"Crisp and hydrating cucumbers, ideal for salads, snacks, or as a refreshing side.",groceries,1.49,0.16,4.07,84,['vegetables'],,GRO-BRD-CUC-021,4,2 year warranty,Ships in 1-2 business days,In Stock,7 days return policy,2,['https://cdn.dummyjson.com/product-images/groceries/cucumber/1.webp'],https://cdn.dummyjson.com/product-images/groceries/cucumber/thumbnail.webp,12.8,28.38,21.34,2025-04-30T09:41:02.053Z,2025-04-30T09:41:02.053Z,5300066378225,https://cdn.dummyjson.com/public/qr-code.png,2,Poor quality!,2025-04-30T09:41:02.053Z,James Davis,james.davis@x.dummyjson.com
22,Dog Food,Specially formulated dog food designed to provide essential nutrients for your canine companion.,groceries,10.99,10.27,4.55,71,"['pet supplies', 'dog food']",,GRO-BRD-FOO-022,10,No warranty,Ships in 1-2 business days,In Stock,60 days return policy,43,['https://cdn.dummyjson.com/product-images/groceries/dog-food/1.webp'],https://cdn.dummyjson.com/product-images/groceries/dog-food/thumbnail.webp,16.93,27.15,9.29,2025-04-30T09:41:02.053Z,2025-04-30T09:41:02.053Z,5906686116469,https://cdn.dummyjson.com/public/qr-code.png,5,Excellent quality!,2025-04-30T09:41:02.053Z,Nicholas Edwards,nicholas.edwards@x.dummyjson.com
22,Dog Food,Specially formulated dog food designed to provide essential nutrients for your canine companion.,groceries,10.99,10.27,4.55,71,"['pet supplies', 'dog food']",,GRO-BRD-FOO-022,10,No warranty,Ships in 1-2 business days,In Stock,60 days return policy,43,['https://cdn.dummyjson.com/product-images/groceries/dog-food/1.webp'],https://cdn.dummyjson.com/product-images/groceries/dog-food/thumbnail.webp,16.93,27.15,9.29,2025-04-30T09:41:02.053Z,2025-04-30T09:41:02.053Z,5906686116469,https://cdn.dummyjson.com/public/qr-code.png,5,Awesome product!,2025-04-30T09:41:02.053Z,Zachary Lee,zachary.lee@x.dummyjson.com
22,Dog Food,Specially formulated dog food designed to provide essential nutrients for your canine companion.,groceries,10.99,10.27,4.55,71,"['pet supplies', 'dog food']",,GRO-BRD-FOO-022,10,No warranty,Ships in 1-2 business days,In Stock,60 days return policy,43,['https://cdn.dummyjson.com/product-images/groceries/dog-food/1.webp'],https://cdn.dummyjson.com/product-images/groceries/dog-food/thumbnail.webp,16.93,27.15,9.29,2025-04-30T09:41:02.053Z,2025-04-30T09:41:02.053Z,5906686116469,https://cdn.dummyjson.com/public/qr-code.png,4,Great product!,2025-04-30T09:41:02.053Z,Nova Cooper,nova.cooper@x.dummyjson.com
23,Eggs,"Fresh eggs, a versatile ingredient for baking, cooking, or breakfast.",groceries,2.99,11.05,2.53,9,['dairy'],,GRO-BRD-EGG-023,2,1 week warranty,Ships in 1 week,In Stock,No return policy,32,['https://cdn.dummyjson.com/product-images/groceries/eggs/1.webp'],https://cdn.dummyjson.com/product-images/groceries/eggs/thumbnail.webp,11.42,7.44,16.95,2025-04-30T09:41:02.053Z,2025-04-30T09:41:02.053Z,3478638588469,https://cdn.dummyjson.com/public/qr-code.png,3,Disappointing product!,2025-04-30T09:41:02.053Z,Penelope King,penelope.king@x.dummyjson.com
23,Eggs,"Fresh eggs, a versatile ingredient for baking, cooking, or breakfast.",groceries,2.99,11.05,2.53,9,['dairy'],,GRO-BRD-EGG-023,2,1 week warranty,Ships in 1 week,In Stock,No return policy,32,['https://cdn.dummyjson.com/product-images/groceries/eggs/1.webp'],https://cdn.dummyjson.com/product-images/groceries/eggs/thumbnail.webp,11.42,7.44,16.95,2025-04-30T09:41:02.053Z,2025-04-30T09:41:02.053Z,3478638588469,https://cdn.dummyjson.com/public/qr-code.png,3,Poor quality!,2025-04-30T09:41:02.053Z,Eleanor Tyler,eleanor.tyler@x.dummyjson.com
23,Eggs,"Fresh eggs, a versatile ingredient for baking, cooking, or breakfast.",groceries,2.99,11.05,2.53,9,['dairy'],,GRO-BRD-EGG-023,2,1 week warranty,Ships in 1 week,In Stock,No return policy,32,['https://cdn.dummyjson.com/product-images/groceries/eggs/1.webp'],https://cdn.dummyjson.com/product-images/groceries/eggs/thumbnail.webp,11.42,7.44,16.95,2025-04-30T09:41:02.053Z,2025-04-30T09:41:02.053Z,3478638588469,https://cdn.dummyjson.com/public/qr-code.png,4,Very pleased!,2025-04-30T09:41:02.053Z,Benjamin Foster,benjamin.foster@x.dummyjson.com
24,Fish Steak,"Quality fish steak, suitable for grilling, baking, or pan-searing.",groceries,14.99,4.23,3.78,74,['seafood'],,GRO-BRD-FIS-024,6,1 month warranty,Ships in 3-5 business days,In Stock,60 days return policy,50,['https://cdn.dummyjson.com/product-images/groceries/fish-steak/1.webp'],https://cdn.dummyjson.com/product-images/groceries/fish-steak/thumbnail.webp,14.95,26.31,11.27,2025-04-30T09:41:02.053Z,2025-04-30T09:41:02.053Z,9595036192098,https://cdn.dummyjson.com/public/qr-code.png,2,Would not buy again!,2025-04-30T09:41:02.053Z,Caleb Perkins,caleb.perkins@x.dummyjson.com
24,Fish Steak,"Quality fish steak, suitable for grilling, baking, or pan-searing.",groceries,14.99,4.23,3.78,74,['seafood'],,GRO-BRD-FIS-024,6,1 month warranty,Ships in 3-5 business days,In Stock,60 days return policy,50,['https://cdn.dummyjson.com/product-images/groceries/fish-steak/1.webp'],https://cdn.dummyjson.com/product-images/groceries/fish-steak/thumbnail.webp,14.95,26.31,11.27,2025-04-30T09:41:02.053Z,2025-04-30T09:41:02.053Z,9595036192098,https://cdn.dummyjson.com/public/qr-code.png,5,Excellent quality!,2025-04-30T09:41:02.053Z,Isabella Jackson,isabella.jackson@x.dummyjson.com
24,Fish Steak,"Quality fish steak, suitable for grilling, baking, or pan-searing.",groceries,14.99,4.23,3.78,74,['seafood'],,GRO-BRD-FIS-024,6,1 month warranty,Ships in 3-5 business days,In Stock,60 days return policy,50,['https://cdn.dummyjson.com/product-images/groceries/fish-steak/1.webp'],https://cdn.dummyjson.com/product-images/groceries/fish-steak/thumbnail.webp,14.95,26.31,11.27,2025-04-30T09:41:02.053Z,2025-04-30T09:41:02.053Z,9595036192098,https://cdn.dummyjson.com/public/qr-code.png,4,Great value for money!,2025-04-30T09:41:02.053Z,Nathan Dixon,nathan.dixon@x.dummyjson.com
25,Green Bell Pepper,"Fresh and vibrant green bell pepper, perfect for adding color and flavor to your dishes.",groceries,1.29,0.16,3.25,33,['vegetables'],,GRO-BRD-GRE-025,2,1 month warranty,Ships in 1 week,In Stock,30 days return policy,12,['https://cdn.dummyjson.com/product-images/groceries/green-bell-pepper/1.webp'],https://cdn.dummyjson.com/product-images/groceries/green-bell-pepper/thumbnail.webp,15.33,26.65,14.44,2025-04-30T09:41:02.053Z,2025-04-30T09:41:02.053Z,2365227493323,https://cdn.dummyjson.com/public/qr-code.png,4,Highly recommended!,2025-04-30T09:41:02.053Z,Avery Carter,avery.carter@x.dummyjson.com
25,Green Bell Pepper,"Fresh and vibrant green bell pepper, perfect for adding color and flavor to your dishes.",groceries,1.29,0.16,3.25,33,['vegetables'],,GRO-BRD-GRE-025,2,1 month warranty,Ships in 1 week,In Stock,30 days return policy,12,['https://cdn.dummyjson.com/product-images/groceries/green-bell-pepper/1.webp'],https://cdn.dummyjson.com/product-images/groceries/green-bell-pepper/thumbnail.webp,15.33,26.65,14.44,2025-04-30T09:41:02.053Z,2025-04-30T09:41:02.053Z,2365227493323,https://cdn.dummyjson.com/public/qr-code.png,3,Would not recommend!,2025-04-30T09:41:02.053Z,Henry Hill,henry.hill@x.dummyjson.com
25,Green Bell Pepper,"Fresh and vibrant green bell pepper, perfect for adding color and flavor to your dishes.",groceries,1.29,0.16,3.25,33,['vegetables'],,GRO-BRD-GRE-025,2,1 month warranty,Ships in 1 week,In Stock,30 days return policy,12,['https://cdn.dummyjson.com/product-images/groceries/green-bell-pepper/1.webp'],https://cdn.dummyjson.com/product-images/groceries/green-bell-pepper/thumbnail.webp,15.33,26.65,14.44,2025-04-30T09:41:02.053Z,2025-04-30T09:41:02.053Z,2365227493323,https://cdn.dummyjson.com/public/qr-code.png,5,Excellent quality!,2025-04-30T09:41:02.053Z,Addison Wright,addison.wright@x.dummyjson.com
26,Green Chili Pepper,"Spicy green chili pepper, ideal for adding heat to your favorite recipes.",groceries,0.99,1.0,3.66,3,['vegetables'],,GRO-BRD-GRE-026,7,2 year warranty,Ships in 1 week,Low Stock,30 days return policy,39,['https://cdn.dummyjson.com/product-images/groceries/green-chili-pepper/1.webp'],https://cdn.dummyjson.com/product-images/groceries/green-chili-pepper/thumbnail.webp,15.38,18.12,19.92,2025-04-30T09:41:02.053Z,2025-04-30T09:41:02.053Z,9335000538563,https://cdn.dummyjson.com/public/qr-code.png,4,Great product!,2025-04-30T09:41:02.053Z,Luna Russell,luna.russell@x.dummyjson.com
26,Green Chili Pepper,"Spicy green chili pepper, ideal for adding heat to your favorite recipes.",groceries,0.99,1.0,3.66,3,['vegetables'],,GRO-BRD-GRE-026,7,2 year warranty,Ships in 1 week,Low Stock,30 days return policy,39,['https://cdn.dummyjson.com/product-images/groceries/green-chili-pepper/1.webp'],https://cdn.dummyjson.com/product-images/groceries/green-chili-pepper/thumbnail.webp,15.38,18.12,19.92,2025-04-30T09:41:02.053Z,2025-04-30T09:41:02.053Z,9335000538563,https://cdn.dummyjson.com/public/qr-code.png,1,Waste of money!,2025-04-30T09:41:02.053Z,Noah Lewis,noah.lewis@x.dummyjson.com
26,Green Chili Pepper,"Spicy green chili pepper, ideal for adding heat to your favorite recipes.",groceries,0.99,1.0,3.66,3,['vegetables'],,GRO-BRD-GRE-026,7,2 year warranty,Ships in 1 week,Low Stock,30 days return policy,39,['https://cdn.dummyjson.com/product-images/groceries/green-chili-pepper/1.webp'],https://cdn.dummyjson.com/product-images/groceries/green-chili-pepper/thumbnail.webp,15.38,18.12,19.92,2025-04-30T09:41:02.053Z,2025-04-30T09:41:02.053Z,9335000538563,https://cdn.dummyjson.com/public/qr-code.png,3,Very disappointed!,2025-04-30T09:41:02.053Z,Clara Berry,clara.berry@x.dummyjson.com
27,Honey Jar,"Pure and natural honey in a convenient jar, perfect for sweetening beverages or drizzling over food.",groceries,6.99,14.4,3.97,34,['condiments'],,GRO-BRD-HON-027,2,1 month warranty,Ships in 1-2 business days,In Stock,90 days return policy,47,['https://cdn.dummyjson.com/product-images/groceries/honey-jar/1.webp'],https://cdn.dummyjson.com/product-images/groceries/honey-jar/thumbnail.webp,9.28,21.72,17.74,2025-04-30T09:41:02.053Z,2025-04-30T09:41:02.053Z,6354306346329,https://cdn.dummyjson.com/public/qr-code.png,1,Very disappointed!,2025-04-30T09:41:02.053Z,Autumn Gomez,autumn.gomez@x.dummyjson.com
27,Honey Jar,"Pure and natural honey in a convenient jar, perfect for sweetening beverages or drizzling over food.",groceries,6.99,14.4,3.97,34,['condiments'],,GRO-BRD-HON-027,2,1 month warranty,Ships in 1-2 business days,In Stock,90 days return policy,47,['https://cdn.dummyjson.com/product-images/groceries/honey-jar/1.webp'],https://cdn.dummyjson.com/product-images/groceries/honey-jar/thumbnail.webp,9.28,21.72,17.74,2025-04-30T09:41:02.053Z,2025-04-30T09:41:02.053Z,6354306346329,https://cdn.dummyjson.com/public/qr-code.png,4,Highly impressed!,2025-04-30T09:41:02.053Z,Benjamin Wilson,benjamin.wilson@x.dummyjson.com
27,Honey Jar,"Pure and natural honey in a convenient jar, perfect for sweetening beverages or drizzling over food.",groceries,6.99,14.4,3.97,34,['condiments'],,GRO-BRD-HON-027,2,1 month warranty,Ships in 1-2 business days,In Stock,90 days return policy,47,['https://cdn.dummyjson.com/product-images/groceries/honey-jar/1.webp'],https://cdn.dummyjson.com/product-images/groceries/honey-jar/thumbnail.webp,9.28,21.72,17.74,2025-04-30T09:41:02.053Z,2025-04-30T09:41:02.053Z,6354306346329,https://cdn.dummyjson.com/public/qr-code.png,2,Very disappointed!,2025-04-30T09:41:02.053Z,Nicholas Edwards,nicholas.edwards@x.dummyjson.com
28,Ice Cream,"Creamy and delicious ice cream, available in various flavors for a delightful treat.",groceries,5.49,8.69,3.39,27,['desserts'],,GRO-BRD-CRE-028,1,1 month warranty,Ships in 2 weeks,In Stock,No return policy,42,"['https://cdn.dummyjson.com/product-images/groceries/ice-cream/1.webp', 'https://cdn.dummyjson.com/product-images/groceries/ice-cream/2.webp', 'https://cdn.dummyjson.com/product-images/groceries/ice-cream/3.webp', 'https://cdn.dummyjson.com/product-images/groceries/ice-cream/4.webp']",https://cdn.dummyjson.com/product-images/groceries/ice-cream/thumbnail.webp,14.83,15.07,24.2,2025-04-30T09:41:02.053Z,2025-04-30T09:41:02.053Z,0788954559076,https://cdn.dummyjson.com/public/qr-code.png,5,Very pleased!,2025-04-30T09:41:02.053Z,Elijah Cruz,elijah.cruz@x.dummyjson.com
28,Ice Cream,"Creamy and delicious ice cream, available in various flavors for a delightful treat.",groceries,5.49,8.69,3.39,27,['desserts'],,GRO-BRD-CRE-028,1,1 month warranty,Ships in 2 weeks,In Stock,No return policy,42,"['https://cdn.dummyjson.com/product-images/groceries/ice-cream/1.webp', 'https://cdn.dummyjson.com/product-images/groceries/ice-cream/2.webp', 'https://cdn.dummyjson.com/product-images/groceries/ice-cream/3.webp', 'https://cdn.dummyjson.com/product-images/groceries/ice-cream/4.webp']",https://cdn.dummyjson.com/product-images/groceries/ice-cream/thumbnail.webp,14.83,15.07,24.2,2025-04-30T09:41:02.053Z,2025-04-30T09:41:02.053Z,0788954559076,https://cdn.dummyjson.com/public/qr-code.png,4,Excellent quality!,2025-04-30T09:41:02.053Z,Jace Smith,jace.smith@x.dummyjson.com
28,Ice Cream,"Creamy and delicious ice cream, available in various flavors for a delightful treat.",groceries,5.49,8.69,3.39,27,['desserts'],,GRO-BRD-CRE-028,1,1 month warranty,Ships in 2 weeks,In Stock,No return policy,42,"['https://cdn.dummyjson.com/product-images/groceries/ice-cream/1.webp', 'https://cdn.dummyjson.com/product-images/groceries/ice-cream/2.webp', 'https://cdn.dummyjson.com/product-images/groceries/ice-cream/3.webp', 'https://cdn.dummyjson.com/product-images/groceries/ice-cream/4.webp']",https://cdn.dummyjson.com/product-images/groceries/ice-cream/thumbnail.webp,14.83,15.07,24.2,2025-04-30T09:41:02.053Z,2025-04-30T09:41:02.053Z,0788954559076,https://cdn.dummyjson.com/public/qr-code.png,5,Highly impressed!,2025-04-30T09:41:02.053Z,Sadie Morales,sadie.morales@x.dummyjson.com
29,Juice,"Refreshing fruit juice, packed with vitamins and great for staying hydrated.",groceries,3.99,12.06,3.94,50,['beverages'],,GRO-BRD-JUI-029,1,6 months warranty,Ships in 1 week,In Stock,No return policy,25,['https://cdn.dummyjson.com/product-images/groceries/juice/1.webp'],https://cdn.dummyjson.com/product-images/groceries/juice/thumbnail.webp,18.56,21.46,28.02,2025-04-30T09:41:02.053Z,2025-04-30T09:41:02.053Z,6936112580956,https://cdn.dummyjson.com/public/qr-code.png,5,Excellent quality!,2025-04-30T09:41:02.053Z,Nolan Gonzalez,nolan.gonzalez@x.dummyjson.com
29,Juice,"Refreshing fruit juice, packed with vitamins and great for staying hydrated.",groceries,3.99,12.06,3.94,50,['beverages'],,GRO-BRD-JUI-029,1,6 months warranty,Ships in 1 week,In Stock,No return policy,25,['https://cdn.dummyjson.com/product-images/groceries/juice/1.webp'],https://cdn.dummyjson.com/product-images/groceries/juice/thumbnail.webp,18.56,21.46,28.02,2025-04-30T09:41:02.053Z,2025-04-30T09:41:02.053Z,6936112580956,https://cdn.dummyjson.com/public/qr-code.png,4,Would buy again!,2025-04-30T09:41:02.053Z,Bella Grant,bella.grant@x.dummyjson.com
29,Juice,"Refreshing fruit juice, packed with vitamins and great for staying hydrated.",groceries,3.99,12.06,3.94,50,['beverages'],,GRO-BRD-JUI-029,1,6 months warranty,Ships in 1 week,In Stock,No return policy,25,['https://cdn.dummyjson.com/product-images/groceries/juice/1.webp'],https://cdn.dummyjson.com/product-images/groceries/juice/thumbnail.webp,18.56,21.46,28.02,2025-04-30T09:41:02.053Z,2025-04-30T09:41:02.053Z,6936112580956,https://cdn.dummyjson.com/public/qr-code.png,5,Awesome product!,2025-04-30T09:41:02.053Z,Aria Flores,aria.flores@x.dummyjson.com
30,Kiwi,"Nutrient-rich kiwi, perfect for snacking or adding a tropical twist to your dishes.",groceries,2.49,15.22,4.93,99,['fruits'],,GRO-BRD-KIW-030,5,6 months warranty,Ships overnight,In Stock,7 days return policy,30,['https://cdn.dummyjson.com/product-images/groceries/kiwi/1.webp'],https://cdn.dummyjson.com/product-images/groceries/kiwi/thumbnail.webp,19.4,18.67,17.13,2025-04-30T09:41:02.053Z,2025-04-30T09:41:02.053Z,2530169917252,https://cdn.dummyjson.com/public/qr-code.png,4,Highly recommended!,2025-04-30T09:41:02.053Z,Emily Brown,emily.brown@x.dummyjson.com
30,Kiwi,"Nutrient-rich kiwi, perfect for snacking or adding a tropical twist to your dishes.",groceries,2.49,15.22,4.93,99,['fruits'],,GRO-BRD-KIW-030,5,6 months warranty,Ships overnight,In Stock,7 days return policy,30,['https://cdn.dummyjson.com/product-images/groceries/kiwi/1.webp'],https://cdn.dummyjson.com/product-images/groceries/kiwi/thumbnail.webp,19.4,18.67,17.13,2025-04-30T09:41:02.053Z,2025-04-30T09:41:02.053Z,2530169917252,https://cdn.dummyjson.com/public/qr-code.png,2,Would not buy again!,2025-04-30T09:41:02.053Z,Jackson Morales,jackson.morales@x.dummyjson.com
30,Kiwi,"Nutrient-rich kiwi, perfect for snacking or adding a tropical twist to your dishes.",groceries,2.49,15.22,4.93,99,['fruits'],,GRO-BRD-KIW-030,5,6 months warranty,Ships overnight,In Stock,7 days return policy,30,['https://cdn.dummyjson.com/product-images/groceries/kiwi/1.webp'],https://cdn.dummyjson.com/product-images/groceries/kiwi/thumbnail.webp,19.4,18.67,17.13,2025-04-30T09:41:02.053Z,2025-04-30T09:41:02.053Z,2530169917252,https://cdn.dummyjson.com/public/qr-code.png,4,Fast shipping!,2025-04-30T09:41:02.053Z,Nora Russell,nora.russell@x.dummyjson.com
