sales_id,customaaaaa,productNAme,quantity,unit_price,purchase_date,sales_representative,payment_method,shipping_address,shipping_addresszz,shipping_addressz
1,Con Farlambe,Maple Chipotle Glaze,53,638.79,8/13/2020,Lionel Sandal,Cash,Room 1082,Apt 953,Suite 51
2,Greer Clappison,Vanilla Almond Granola,85,914.87,9/7/2022,Blisse Lutsch,Cash,Suite 10,Apt 1926,Suite 61
3,Dode Ascraft,Maple Almond Yogurt,57,295.87,12/25/2022,Saree Antrum,Cash,Room 1467,Apt 181,PO Box 29212
4,Gaby Allard,Almond Joy Snack Bars,67,822.9,7/6/2020,Tierney Gorringe,Credit Card,Room 1236,Room 417,11th Floor
5,Herve Dunston,Smartphone Photography Tripod,71,92.05,3/16/2022,Idette Kobierzycki,Check,Room 343,Suite 99,Suite 77
6,Dreddy Levi,Thai Peanut Noodles,26,190.91,7/29/2022,Jeri Bredee,Cash,6th Floor,Room 1460,Room 1341
7,Libbi Northover,Bamboo Cutting Board,48,951.1,9/17/2020,Sherman Fenny,Cash,Room 94,Room 512,Suite 27
8,Kenneth Cappel,Casual Sneakers,97,941.59,7/14/2020,Coop Borris,Credit Card,14th Floor,Apt 231,Room 467
9,Forrester Jorg,Portable Pet Stroller,13,748.34,5/7/2020,Christoph Shropsheir,Check,Apt 1910,Apt 232,PO Box 96166
10,Rayner Corroyer,Cauliflower Crust Pizza,84,896.43,6/8/2020,Orson Lugton,Credit Card,Room 85,PO Box 93012,Suite 86
11,Bat Fann,Lemon Garlic Shrimp,10,459.26,1/16/2022,Kerri Melding,Check,PO Box 77171,Suite 26,Apt 707
12,Cooper Heningam,Coconut Chia Pudding,38,819.95,8/5/2021,Haven Crunkhorn,Credit Card,Apt 769,PO Box 24204,Apt 894
13,Mattheus Instock,Coconut Granola,75,520.14,6/20/2022,Alissa Heijnen,Credit Card,4th Floor,Apt 594,PO Box 11692
14,Andres Desvignes,Smartphone UV Sanitizer,3,913.59,10/10/2021,Tomasina Tait,Credit Card,Suite 1,Suite 33,Room 724
15,Clary Giscken,Compact Electric Kettle,72,510.09,3/26/2022,Enos Umfrey,Cash,Suite 39,Suite 91,Suite 68
16,Isaiah Haselgrove,Frozen Fruit Medley,61,86.85,10/12/2020,Gerhardine Baynam,Cash,Room 229,1st Floor,Room 1456
17,Dottie Lambdean,Video Camera,75,468.76,12/25/2021,Kiley Hulles,Check,Suite 18,PO Box 2650,Apt 1558
18,Velma Dashkovich,Almond Flour,62,313.29,3/24/2022,Connie Dundon,Cash,Apt 974,Room 1406,Suite 24
19,Jack Bedow,Casual Sneakers,62,831.0,2/7/2020,Zia Jumel,Cash,PO Box 26723,PO Box 7029,Apt 369
20,Gloriane Atherton,Motion Sensor Light,66,545.65,4/21/2021,Mendel Pashenkov,Check,PO Box 1005,18th Floor,Apt 411
21,Gaultiero Saltern,Children's Educational Puzzle,49,545.84,12/22/2021,Marnia Giabuzzi,Cash,PO Box 20455,Room 1852,Room 237
22,Ulises Kilban,Pet Carrier,16,275.77,12/22/2021,Gustie Bollon,Cash,Apt 1037,PO Box 13270,Suite 54
23,Roxine Chiechio,Smart Plant Monitor,33,620.58,12/19/2021,Tory Vanlint,Cash,PO Box 53158,Apt 1423,PO Box 52072
24,King O'Noland,Buffalo Cauliflower Wings,74,64.49,12/15/2022,Gigi Cinderey,Check,Suite 22,Room 838,Room 983
25,Toinette Lesmonde,Set of Silicone Baking Molds,91,106.62,4/15/2022,Nichol Kindle,Credit Card,PO Box 14896,Room 1047,Apt 144
26,Anne-marie Hartland,LED Table Lamp,81,736.53,9/21/2020,Kyrstin Schneidar,Check,Suite 82,Room 741,5th Floor
27,Kerrill McKelloch,Pet First Aid Kit,73,746.43,12/23/2021,Niel MacTurlough,Cash,PO Box 63751,1st Floor,Suite 63
28,Seth Yakovich,Wireless Earbud Silicone Covers,54,112.83,8/20/2020,Victor Baysting,Credit Card,Suite 64,19th Floor,Suite 2
29,Felicle Terney,Folding Table,58,772.27,12/30/2020,Flossy Edleston,Cash,9th Floor,Room 679,Apt 824
30,Flem Seccombe,Multifunctional Baby Bottle Warmer,65,675.65,8/27/2020,Hurleigh Bragg,Cash,PO Box 95188,Room 125,PO Box 4982
31,Chrissy Bundock,Chickpea Flour,71,811.5,8/24/2021,Jeddy Moorman,Check,Apt 1230,6th Floor,Apt 1111
32,Yetta MacCallister,Savory Rice Cakes,50,493.42,11/20/2020,Gallagher Lowther,Credit Card,12th Floor,Apt 1599,Room 1613
33,Oralie Purves,Magnetic Phone Car Mount,34,82.79,5/7/2021,Aurelie Giblett,Credit Card,Apt 7,PO Box 47332,PO Box 58088
34,Reilly Cocksedge,Ergonomic Gaming Chair,11,625.63,1/20/2021,Easter Gooke,Credit Card,PO Box 57970,Room 1642,Apt 492
35,Robinett Swynfen,Wireless Charging Station,3,30.51,9/7/2022,Janey Rochford,Credit Card,Suite 31,Suite 97,20th Floor
36,Yancey Punch,Honey Sriracha Chicken Bites,15,769.01,3/5/2020,Tymon Wisedale,Cash,PO Box 75272,Suite 62,PO Box 55344
37,Tiebold Bellon,Wooden Toy Train Set,51,702.01,9/6/2022,Faun Shrimpling,Credit Card,PO Box 10495,Apt 361,PO Box 97017
38,Bethina Terrell,Savory Quinoa Pudding,77,437.18,3/25/2022,Irina McUre,Check,9th Floor,Suite 70,Suite 60
39,Kort Cardall,Chocolate Mint Cookies,58,482.06,5/7/2021,Conan Foldes,Credit Card,PO Box 86585,Suite 18,Suite 35
40,Hamlen Tilbey,Buffalo Stilton Cheese,53,281.58,1/31/2021,Mina Harrison,Cash,Room 969,Apt 839,Apt 395
41,Cynthia Gavriel,Honeycrisp Apples,70,14.41,4/8/2021,Andrus MacGrath,Credit Card,Room 312,2nd Floor,7th Floor
42,Fidelio Harriskine,Wooden Children's Play Kitchen,52,668.58,4/19/2020,Devonne Wardesworth,Credit Card,Apt 1303,Suite 35,PO Box 9237
43,Burnaby Westgarth,Beef Taco Skillet,71,316.11,8/15/2021,Faustine Garrold,Cash,Apt 379,Room 110,9th Floor
44,Juliane Inglish,Pistachio Ice Cream,26,301.89,11/16/2022,Stafford Senecaut,Check,Room 1854,Room 748,4th Floor
45,Mathian Kelshaw,Roasted Garlic Mashed Potatoes,40,517.91,7/27/2022,Poppy Heitz,Check,Room 788,5th Floor,Apt 1625
46,Sarene Frift,Outdoor Fire Pit,80,73.78,3/14/2021,Melisande Mounter,Cash,12th Floor,19th Floor,Apt 1305
47,Ellie Eccott,Cabbage,76,555.17,6/24/2022,Darryl Alelsandrowicz,Check,Room 1672,Apt 1800,PO Box 55577
48,Hildegarde Richardet,Mini Projector for Smartphones,32,423.96,8/24/2022,Emmalee Biaggioni,Cash,16th Floor,Room 1401,PO Box 78090
49,Maybelle Purrington,Winter Knit Beanie,59,462.07,4/5/2022,Katinka Saleway,Cash,Suite 66,Suite 27,PO Box 95054
50,Bartolomeo Larman,Sriracha Sauce,18,744.65,4/16/2020,Hermine Sawfoot,Check,Room 731,13th Floor,8th Floor
51,Latashia Russ,Mechanical Pencil Set,26,595.88,5/16/2022,Ade Siderfin,Cash,Room 1214,Apt 181,Room 1910
52,Giselle Benedick,Green Smoothie Mix,59,907.32,8/26/2022,Anna-diane Dulany,Check,Apt 1179,PO Box 17167,Room 1888
53,Gerrilee Maase,Sea Salt Caramel Brownie,88,841.65,4/20/2022,Teddi Body,Check,Apt 638,2nd Floor,Room 1152
54,Rahal List,Avocado Oil Mayo,39,235.53,3/26/2022,Arnie Malyon,Cash,10th Floor,Apt 524,Apt 777
55,Forster Renton,Lasagna Noodles,36,694.42,3/8/2020,Chick Franklen,Credit Card,Room 1749,9th Floor,8th Floor
56,Alicia Andreu,Canned Coconut Milk,38,120.67,10/7/2021,Cecelia Gras,Cash,Room 1254,Room 1686,Apt 1810
57,Rois Durtnal,Coconut Flakes,49,166.16,7/23/2021,Kalvin Moyler,Cash,Apt 1893,Room 1612,Apt 1233
58,Teresa Webley,Organic Lentil Soup,18,730.78,4/11/2020,Brandice Stoate,Check,Apt 716,Suite 33,13th Floor
59,Brade Massinger,Organic Black Beans,17,624.33,12/10/2022,Sisile Stoute,Cash,PO Box 67020,PO Box 58871,Suite 63
60,Judith Cartner,Garden Hoses with Expandable Features,5,207.69,8/3/2021,Reggie Harries,Cash,Suite 29,7th Floor,Room 122
61,Florrie Ingall,Cranberry Juice,99,745.54,4/22/2022,Babette Bertie,Cash,Apt 918,Suite 90,PO Box 57323
62,Diana Gitthouse,Vegan Protein Powder,67,576.21,3/9/2020,Annalee Mallard,Cash,10th Floor,PO Box 53716,15th Floor
63,Carlin Gornall,Portable Bluetooth Speaker,1,826.58,4/21/2022,Carena Athey,Credit Card,7th Floor,Room 246,Apt 1842
64,Missie Neilson,Patterned Knit Scarf,40,993.09,8/4/2021,Gayelord Tidbold,Cash,13th Floor,PO Box 80184,Suite 80
65,Daron Hatherell,Almond Butter Crunch Bar,65,346.03,1/30/2021,Berni Pether,Cash,Room 993,PO Box 62755,6th Floor
66,Maryellen McGuinley,Oven Mitts with Pocket,21,258.74,10/26/2020,Bartolomeo Newark,Cash,3rd Floor,Room 78,Room 301
67,Elaina Maddison,Almond Butter Cups,73,498.93,10/7/2021,Jocelyn Baribal,Credit Card,Apt 671,PO Box 75867,Room 708
68,Adriano Westover,Sketchbook,67,982.67,9/7/2022,Indira Burstow,Credit Card,12th Floor,Apt 1336,14th Floor
69,Pat Boldecke,Reflective Safety Vest,93,142.74,5/28/2021,Percival Manna,Check,Apt 59,Room 1247,20th Floor
70,Antonietta Tuhy,Buffalo Chicken Dip,46,379.5,6/20/2021,Lanae Jewess,Check,Apt 779,Apt 1853,9th Floor
71,Kanya Edmenson,Insulated Lunch Box,51,992.09,10/2/2020,Adlai Castan,Cash,PO Box 51662,18th Floor,PO Box 99853
72,Jaye Ridd,Sporty Cap,52,361.05,7/14/2020,Ado Barson,Cash,Apt 233,9th Floor,PO Box 46771
73,Lonna Ellar,First Aid Kit,91,735.83,3/19/2022,Cozmo Henriksson,Cash,Suite 91,Apt 1437,Apt 1301
74,Niel Graffham,Chicken Parmesan Dinner Kit,32,111.94,12/21/2020,Storm Trood,Check,PO Box 95710,Room 504,Suite 3
75,Felice Traylen,Customizable Photo Calendar,51,334.2,12/7/2022,Ethelred Dwelley,Credit Card,Suite 80,PO Box 48037,PO Box 76822
76,Neddie McGeorge,Chili Powder,16,854.89,2/6/2020,Chicky Pursglove,Credit Card,PO Box 46369,Room 412,Room 1896
77,Rockie Speare,Turmeric Ginger Tea,62,118.11,5/8/2021,Thia Fellon,Check,Suite 32,Apt 1129,7th Floor
78,Guntar Steinhammer,Electrolyte Water Bottle,96,801.74,3/30/2020,Benjie Simonich,Credit Card,PO Box 85836,PO Box 94191,20th Floor
79,Samaria Managh,Sriracha Sauce,37,631.17,10/16/2021,Hedy Satterfitt,Check,PO Box 20848,Apt 626,PO Box 99772
80,Marna Little,Phone Case,3,399.66,10/28/2022,Bee Delacour,Check,1st Floor,PO Box 41345,Room 687
81,Aeriel Iashvili,Fleece Throw Blanket,33,508.23,2/3/2021,Angeli Hehir,Cash,Apt 1916,Room 509,PO Box 53047
82,Claudius Walles,Spaghetti Squash,95,107.58,2/15/2021,Salomon Van den Broek,Credit Card,Suite 46,PO Box 60795,PO Box 29807
83,Wyndham Franke,Portable Grill Cover,53,424.52,6/7/2020,Kaspar Haigh,Cash,16th Floor,Room 1597,2nd Floor
84,Agace Solesbury,Rechargeable Electric Screwdriver,32,816.56,4/2/2021,Delainey Yarker,Cash,Room 195,Room 1280,Suite 76
85,Erma Moryson,Portable Charger with Solar Panel,98,221.95,5/28/2022,Herbie Sach,Check,Apt 1640,Suite 46,Apt 878
86,Theresina Extall,Handcrafted Wooden Coasters,100,503.07,7/4/2020,Michaelina Alyoshin,Credit Card,Apt 371,Apt 907,Apt 147
87,Biddie Firmager,Self-Watering Planters,24,922.47,7/27/2022,Frederich Burrow,Credit Card,15th Floor,7th Floor,Room 857
88,Vinnie Kanzler,Chocolate Covered Pretzels,99,394.11,3/16/2020,Sollie McTerry,Cash,Apt 778,1st Floor,20th Floor
89,Penn Furness,Frozen Edamame,50,860.36,4/1/2022,Mata Sanper,Cash,13th Floor,PO Box 37426,Suite 66
90,Lottie Leckie,Mechanical Pencil Set,91,79.6,3/17/2021,Harriett Motten,Cash,PO Box 67826,PO Box 57042,PO Box 86984
91,Anne-corinne Chesshyre,Berry Smoothie Mix,53,723.07,6/12/2021,Doris Fretter,Check,19th Floor,Room 477,Suite 43
92,Ferdinanda Klimkiewich,Quinoa Salad,49,655.21,7/14/2021,Amitie Coleman,Check,Suite 54,19th Floor,14th Floor
93,Marisa Yandell,Microfiber Cleaning Cloth Set,50,628.79,10/7/2020,Vidovik Barhem,Credit Card,Apt 790,Apt 1558,3rd Floor
94,Nigel Coffelt,Instant Camera,48,595.08,4/23/2022,Laetitia Harfleet,Check,Room 208,Suite 86,8th Floor
95,Curcio Bingle,Wi-Fi Enabled Smart Light Switch,19,8.82,3/12/2021,Bel Leijs,Credit Card,4th Floor,Room 276,PO Box 36726
96,Jessika Comelini,Coconut Cashew Yogurt,1,132.39,10/28/2020,Eustacia Stuchbery,Cash,Suite 29,Suite 93,PO Box 97750
97,Tanya Eccleston,Stainless Steel Water Pitcher,47,363.02,9/3/2021,Yvonne Bezarra,Cash,Suite 9,Apt 1002,Room 266
98,Fionnula Stodhart,Pasta Portion Control Measure,91,567.38,6/6/2022,Sandy Gadie,Cash,Room 1209,3rd Floor,Apt 268
99,Emmanuel Duggen,Portable Bluetooth Speaker,20,172.31,4/2/2022,Clim Chessum,Check,PO Box 75908,Suite 25,PO Box 68435
100,Lyndy Rayworth,Customizable Photo Calendar,65,386.32,1/1/2022,Janna MacHarg,Check,Apt 858,Room 1275,Room 1613
101,Brant Coyne,Outdoor Camping Lantern,92,203.96,10/7/2022,Amitie Hand,Check,10th Floor,Suite 20,8th Floor
102,Holly Bayles,Homestyle Chicken Noodle Soup,98,222.55,2/7/2020,Corbet Drohun,Check,PO Box 74241,PO Box 7193,PO Box 94896
103,Rossie De Goey,Winter Insulated Jacket,96,175.81,2/17/2021,Goober Giovannacc@i,Cash,Apt 1681,PO Box 9250,Apt 737
104,Reeba Ruggier,Nordic Berry Smoothie,44,9.16,5/15/2020,Nixie Lortzing,Check,PO Box 12933,PO Box 34727,Apt 463
105,Kynthia Riditch,Cranberry Juice,34,937.9,6/20/2022,Matias Mosedill,Cash,Room 1429,10th Floor,10th Floor
106,Lynnette Fellibrand,Electrolyte Water Bottle,68,336.62,3/25/2021,Tore Sharram,Cash,Room 306,PO Box 72093,Apt 1540
107,Terza Dinsey,Smartwatch,4,510.29,3/22/2020,Ladonna Groves,Credit Card,Apt 431,Suite 37,Apt 1761
108,Irwin Surman,Chocolate Avocado Pudding,61,983.19,11/23/2022,Conny Tomsen,Credit Card,PO Box 97529,Suite 57,Apt 1535
109,Tiffy Kettley,Hot Salsa,11,551.67,5/25/2020,Starr Brigdale,Check,5th Floor,17th Floor,Apt 787
110,Mair Stode,Pistachios,89,123.47,2/23/2022,Cristionna Shuttlewood,Cash,PO Box 71859,Suite 95,Suite 10
111,Jerald Slowan,Protein Powder,65,850.02,6/9/2021,Alameda Sabie,Check,Suite 5,15th Floor,PO Box 55002
112,Ward Bonnaire,Sporty Slide Sandals,92,989.48,10/10/2022,Mindy Stranieri,Credit Card,Suite 91,Suite 11,Apt 931
113,Ludwig Barley,Board Game,2,260.22,4/24/2020,Chalmers MacAllister,Check,Apt 164,Suite 48,Room 383
114,Bethany Barrett,Foldable Yoga Mat,34,61.96,10/6/2021,Eachelle Worral,Credit Card,Apt 54,Suite 42,Room 1752
115,Hayley Cicero,Spicy BBQ Sauce,3,793.69,11/14/2020,Fonz Welland,Credit Card,17th Floor,PO Box 54876,Apt 1793
116,Tish Jerdein,Children's Backpack,70,674.58,10/13/2021,Chalmers Filipputti,Credit Card,PO Box 13707,PO Box 37368,8th Floor
117,Duncan Romeril,Frozen Mixed Vegetables,81,456.34,2/23/2022,Rafe Boote,Credit Card,Suite 61,Room 1660,Room 1198
118,Em MacTavish,Ultraviolet Phone Sanitizer,16,470.37,1/23/2021,Willis Ravenscroft,Credit Card,Apt 1757,Room 914,16th Floor
119,Ulla Sawney,Frozen Acai Bowl,58,183.54,6/22/2021,Engracia Stredder,Credit Card,Apt 1598,Room 1417,Apt 636
120,Cecilio Kerfod,Indian Curry Sauce,77,439.72,2/27/2022,Robbie Alam,Cash,Apt 822,6th Floor,Suite 56
121,Stern Tran,Mini Food Processor,31,382.17,7/19/2021,Modestia Solloway,Check,Suite 71,Suite 37,7th Floor
122,Lavina Hinks,Mini Hand Gesture Drone,91,818.86,6/1/2020,Windham Cavet,Check,Room 215,2nd Floor,Room 548
123,Sigmund Crossgrove,Gluten-Free Bread,59,922.88,9/11/2021,Ari Howman,Check,Room 1891,Apt 249,Room 1286
124,Klement Mays,Camera Lens Cleaning Kit,2,410.44,7/27/2020,Vic Emms,Check,Apt 1154,Apt 103,PO Box 19182
125,Ed Terron,Pet Waterer with Filtration,80,212.73,7/20/2020,Daven Issacof,Credit Card,PO Box 1501,Apt 1593,Room 443
126,Clark Summerson,Garlic Parmesan Roasted Potatoes,67,592.66,9/22/2021,Dolf Knightsbridge,Cash,Room 1101,Room 1265,Apt 1518
127,Blane Archibould,Tandoori Chicken Marinade,11,317.46,1/6/2020,Rodger Halgarth,Cash,Room 1213,Suite 9,PO Box 91399
128,Michaeline De Bernardis,Honey Roasted Almonds,77,889.77,8/2/2021,Garret Cooke,Cash,9th Floor,Suite 65,PO Box 79042
129,Francois McElroy,Vanilla Almond Granola,80,56.02,8/2/2022,Ivett MacGilmartin,Cash,Room 1482,Suite 40,6th Floor
130,Arluene Houlaghan,Laundry Detergent,3,460.16,7/10/2021,Deane Barsham,Cash,Room 1782,PO Box 1879,Suite 80
131,Josi Dignon,Gaming Headset,18,346.73,1/11/2022,Beltran Sanbroke,Credit Card,Room 670,Suite 55,Apt 628
132,Jolene Chessor,Self-Watering Planter,30,718.34,8/15/2022,Gennifer McCart,Check,Suite 84,Room 1818,Room 1282
133,Corey Kleinber,Overnight Hiking Backpack,2,859.12,1/18/2021,Annissa Sheerin,Check,Room 811,Suite 55,Room 1242
134,Hilde Pocklington,Cranberry Pecan Granola,1,237.87,9/11/2020,Nike Veltman,Check,Room 909,Suite 81,PO Box 60974
135,Maxine Del Dello,Children's Art Set,37,84.76,2/8/2022,Dru Hillborne,Cash,Suite 27,Room 1294,PO Box 58238
136,Vivyanne Berkely,Rechargeable Electric Screwdriver,32,67.67,7/3/2022,Brandais Pickless,Cash,Apt 918,1st Floor,Suite 22
137,Thomas Conor,LED Desk Lamp,97,980.57,10/9/2020,Nathanial Banasevich,Check,PO Box 60416,2nd Floor,7th Floor
138,Leif Russam,Lightweight Backpacking Tent,77,601.44,2/24/2022,Garvey Georgius,Check,Suite 58,PO Box 54812,Suite 1
139,Dotty Hryncewicz,Multifunctional Baby Bottle Warmer,75,903.77,7/21/2022,Hamil Eagleton,Credit Card,Apt 1651,Room 171,PO Box 77302
140,Trstram Olenikov,Cinnamon Roll Protein Bar,82,276.72,6/20/2020,Hewe Ayscough,Cash,Suite 29,Apt 1571,20th Floor
141,Taite Jahnel,Grapes (red),51,142.03,11/3/2020,Leonid Adamec,Credit Card,PO Box 12418,Apt 1366,9th Floor
142,Pall Arundell,Veggie Chips Variety Pack,79,38.96,2/14/2021,Lolly Ghelerdini,Cash,1st Floor,13th Floor,Room 1743
143,Robbin Haggarth,Turmeric Ginger Tea,55,371.05,4/30/2020,Cele Heintsch,Credit Card,Room 495,Room 778,Room 814
144,Lindi Chadburn,Maple Pecan Pancake Mix,9,63.45,8/14/2020,Coral Bonhan,Check,10th Floor,Suite 1,Apt 901
145,Gay Beldon,Vegetable Samosas,100,586.88,5/8/2020,Elnora Carlyon,Check,14th Floor,Suite 75,Room 1483
146,Juliann Thomtson,Pet Hair Removal Roller,40,940.14,12/4/2020,Frederich Chue,Credit Card,8th Floor,Apt 1813,Apt 1741
147,Donia McMurty,Eco-Friendly Beeswax Wraps,62,817.19,4/30/2020,Tyson Chesman,Credit Card,20th Floor,Apt 1806,Apt 698
148,Sybille Bourgourd,Interchangeable Watch Bands,70,457.62,7/8/2020,Berrie Camilleri,Cash,9th Floor,Apt 1831,Room 1090
149,Angelo Wyant,Organic Italian Seasoning,60,611.3,4/30/2022,Lisbeth Burle,Credit Card,PO Box 51892,Suite 6,Apt 1461
150,Niall Gregoraci,Cheesy Broccoli Soup Mix,58,495.88,5/9/2022,Alejoa Seak,Check,Apt 1417,Apt 1593,Room 1050
151,Lorinda Dryden,Teriyaki Beef Jerky,54,380.05,11/22/2022,Doti Brader,Check,Room 390,PO Box 52724,Suite 70
152,Cullan Carrington,Ramen Noodle Soup Cups,12,989.76,9/7/2021,Benny Filippozzi,Check,PO Box 78831,Room 1107,Suite 39
153,Marlow Bugbird,Cookbook,7,346.87,9/5/2020,Allard Pursehouse,Cash,Room 704,13th Floor,Suite 7
154,Biron Beers,Honey Roasted Almonds,24,359.04,6/26/2021,Becka Phlippsen,Credit Card,Suite 57,Suite 72,Apt 365
155,Hartwell Castagne,Travel Makeup Organizer,56,158.3,9/13/2022,Fielding Parham,Cash,Room 948,PO Box 18338,PO Box 32978
156,Appolonia M'Barron,Smart Thermostat with Wi-Fi,39,130.95,7/11/2021,Rhetta Hiland,Check,PO Box 78450,Suite 8,Suite 88
157,Mabelle Laurenz,Almond Flour Tortillas,91,572.46,9/3/2020,Orella Legate,Cash,Room 310,PO Box 23029,Suite 92
158,Myles Freestone,Peach Mango Smoothie,20,941.59,3/2/2022,Mildrid Belfelt,Cash,Suite 35,PO Box 55448,8th Floor
159,Alasdair Samways,Gardening Kneeler and Seat,64,480.87,8/1/2020,Verna Fallanche,Check,Apt 238,Room 1352,Room 966
160,Alice Powelee,Gluten-Free Pancake Mix,56,861.47,12/18/2020,Gwyn Barrack,Credit Card,PO Box 53191,PO Box 44949,Room 699
161,Iolanthe Dugmore,Pet Hair Vacuum Cleaner Attachment,84,432.61,2/11/2020,Zak Ingon,Cash,Apt 1252,Suite 38,Room 1661
162,Millisent Bargery,Nut Mix,32,649.92,11/30/2021,Guillema Staniford,Check,3rd Floor,19th Floor,PO Box 17285
163,Joelynn Kohn,Sculpting Kit,10,691.73,2/19/2020,Mozelle Bavridge,Check,Apt 200,PO Box 89732,PO Box 79843
164,Jodi Kertess,Blueberry Chia Jam,11,728.75,9/18/2020,Brett Padkin,Check,Suite 91,13th Floor,Room 904
165,Tonye Loddy,Folding Pocket Knife,100,23.79,9/9/2022,Merrielle Dove,Credit Card,PO Box 86321,Suite 33,Room 1806
166,Cletus Colleford,Herbal Garden Starter Kit,45,682.63,2/16/2022,Dix Stellman,Credit Card,PO Box 77055,Room 156,Apt 1766
167,Druci Hopfner,Roasted Garlic Aioli,42,962.88,3/15/2021,Neall Langdon,Cash,Room 1207,Room 59,Room 844
168,Wyatan Cahan,Compact Pop-Up Tent,48,115.33,10/24/2020,Goldi Stanlake,Credit Card,9th Floor,12th Floor,Suite 91
169,Dorotea Roller,Dill Pickle Chips,95,26.64,10/25/2022,Steven Siderfin,Credit Card,Apt 514,Room 1321,PO Box 40913
170,Lotti Chittock,Pasta Maker,49,465.11,4/23/2022,Rochette Dymock,Credit Card,Room 127,Apt 1460,Apt 901
171,Yevette Fieldhouse,Pet Travel Bowl,46,853.96,12/4/2021,Poppy Seabourne,Credit Card,Room 470,Room 1783,2nd Floor
172,Flint Buntine,Spinach and Feta Stuffed Chicken Breast,51,303.64,1/27/2021,Brenna Suckling,Cash,11th Floor,10th Floor,PO Box 94129
173,Guthrie Papaminas,Coconut Rice,54,553.2,1/23/2021,Aile Challes,Cash,7th Floor,Room 1949,Room 1545
174,Lauralee Whear,Jump Rope with Counter,23,505.06,1/19/2021,Vivyan Crus,Cash,Apt 1428,3rd Floor,Apt 1448
175,Ermanno Kyllford,Portable Charger with Solar Panel,25,302.37,11/20/2021,Genevieve De Winton,Cash,Room 1607,PO Box 23609,Room 47
176,Tedi Como,Travel Pillow,14,740.7,10/5/2022,Gavrielle Charley,Check,Room 619,Room 1259,Apt 162
177,Obadias Wyman,Nutty Granola Clusters,91,374.76,10/16/2021,Crissie Shewry,Check,Suite 90,PO Box 1352,Room 562
178,Clarance Rabbitts,Board Game Storage,91,361.68,9/5/2022,Chloe Tetsall,Credit Card,Suite 59,Suite 94,7th Floor
179,Flin Danielou,Interactive Robot Toy,72,538.08,3/20/2022,Erich Duro,Credit Card,Suite 1,PO Box 85425,Suite 74
180,Glen Vivian,Fitbit Activity Tracker,17,266.25,10/11/2022,Xavier Kordas,Credit Card,Suite 76,PO Box 19842,Suite 68
181,Dalenna Hadeke,Smartphone Hand Grip,36,848.2,2/11/2021,Shelly Challicum,Cash,15th Floor,9th Floor,Suite 5
182,Laurence Armfirld,Chocolate Hazelnut Spread,57,463.4,12/1/2021,Anjanette Pickrell,Cash,Suite 36,4th Floor,11th Floor
183,Constancia Itscowicz,Pecan Pie Filling,49,626.91,1/1/2020,Sal O'Bradane,Credit Card,PO Box 40743,PO Box 64799,Apt 1556
184,Kaspar Hugin,Slingback Sandals,82,777.26,3/26/2021,Maitilde Emms,Credit Card,Room 1066,Suite 13,Suite 92
185,Tony Pidgeley,Veggie Chips Variety Pack,63,630.89,7/17/2022,Odelle Rosten,Credit Card,4th Floor,PO Box 28527,Suite 48
186,Jeniece Blissett,Peach Yogurt,93,750.21,10/11/2020,Myrtle Giovanazzi,Credit Card,Apt 1163,PO Box 1011,Room 83
187,Cathee Camsey,Noise-Canceling Earbuds,76,439.87,3/31/2022,Hermine Middlewick,Cash,7th Floor,Apt 1910,PO Box 3495
188,Melitta Hutable,Cinnamon Sugar Mix,87,776.15,7/31/2022,Gerry Tomenson,Credit Card,PO Box 46528,Suite 83,Suite 58
189,Demeter Garroch,LED Strip Light Kit,32,561.62,3/20/2020,Cassandre Lawlee,Cash,Apt 1900,Suite 91,Apt 617
190,Lance Bischop,Set of Herb Garden Markers,98,673.7,4/2/2020,Jon Edser,Check,Room 847,PO Box 23644,19th Floor
191,Alisa Harlock,Pecan Pie Filling,100,91.36,1/28/2021,Deeanne Drewett,Credit Card,Suite 4,10th Floor,20th Floor
192,Irina Arrigucci,Veggie Burger Patties,15,406.37,11/30/2021,Davey Clyant,Credit Card,Suite 27,Apt 751,Apt 711
193,Iggy Skirvin,Sun Protection Clothing,24,124.19,1/21/2021,Antonio Carpmile,Cash,Suite 11,Apt 824,PO Box 77438
194,Raffarty Azema,Portable Ice Maker,63,910.87,4/4/2021,Thea Jewsbury,Credit Card,PO Box 38045,Suite 1,Room 1919
195,Dulsea Upton,Lentil Soup (canned),3,423.73,8/26/2022,Margarethe Iskow,Cash,Suite 29,3rd Floor,Suite 88
196,Roarke Blaes,Elegant Maxi Skirt,39,498.85,4/18/2022,Lucias Bunten,Check,Suite 39,Apt 1292,PO Box 63970
197,Martelle Hulls,Bamboo Cutting Board,40,710.28,4/9/2022,Jillana Marchington,Check,Suite 85,Suite 88,1st Floor
198,Mikel McCreedy,Basil Lemonade,52,360.7,12/30/2022,Rori Chung,Credit Card,5th Floor,15th Floor,Suite 70
199,Michail Monkley,Pet Training Clicker,40,988.53,1/24/2020,Thomasina Whorton,Check,Room 1005,Suite 66,Room 116
200,Quentin McGrath,Maple Glazed Carrots,81,748.33,5/30/2021,Thornie Londsdale,Credit Card,Suite 43,Room 1173,7th Floor
201,Lenna Shuttleworth,USB Wall Charger,69,377.8,11/15/2020,Welch Van Hove,Check,PO Box 7350,PO Box 92203,Suite 84
202,Cacilia Tidridge,Instant Camera,77,260.81,6/6/2020,Antonin Eard,Check,Suite 58,PO Box 92957,Room 659
203,Adolf Warrell,Sweet Potatoes (organic),49,248.74,11/3/2021,Eda Franzetti,Cash,Room 1268,Room 1966,PO Box 52484
204,Drew Labrow,Sliced Cucumbers,28,381.47,4/25/2021,Leonard Fiddymont,Cash,Suite 58,2nd Floor,14th Floor
205,Derrick Dentith,Spiralizer,22,218.13,7/26/2021,Harman Ablewhite,Credit Card,14th Floor,PO Box 93361,Apt 668
206,Lishe Cescotti,Weighted Blanket,96,303.36,6/8/2021,Arie Van Weedenburg,Cash,PO Box 88084,Suite 29,17th Floor
207,Nanon Eallis,Insulated Coffee Mug,20,285.05,5/16/2022,Weber Struis,Check,Room 431,Apt 1090,Suite 22
208,Kahlil Kasting,Cheesy Broccoli Soup Mix,23,294.74,10/31/2022,Adda Ganter,Check,Room 541,13th Floor,Apt 116
209,Libbi Lias,Blue Corn Tortilla Chips,41,176.48,5/4/2021,Ibrahim Ellingham,Check,11th Floor,Room 1458,Room 1632
210,Brinna McGillecole,Foldable Electric Scooter,30,710.71,12/28/2021,Linoel Olman,Credit Card,PO Box 68390,PO Box 15550,16th Floor
211,Abey Gorden,Maple Bacon Popcorn,25,19.39,11/21/2021,Leone Hammerstone,Check,PO Box 32790,Room 94,PO Box 24027
212,Tad Meredith,Chia Seed Pudding Mix,43,87.46,1/27/2020,Dud McEttigen,Credit Card,PO Box 31612,Apt 1091,Suite 96
213,Romona Vuittet,Heavy-Duty Utility Tote,58,275.82,5/1/2021,Sioux Braybrooks,Check,13th Floor,PO Box 83040,Room 241
214,Kelbee Hallyburton,Zesty Cilantro Lime Dressing,56,672.86,11/1/2021,Walton von Hagt,Credit Card,PO Box 97145,4th Floor,PO Box 67030
215,Tammie Abram,Truffle Parmesan Fries,14,682.07,12/4/2021,Mimi Keable,Cash,7th Floor,Room 6,12th Floor
216,Fletcher MacManus,Organic Cucumber,79,297.28,6/5/2020,Linnea Skelton,Check,19th Floor,5th Floor,PO Box 3804
217,Belita Fergyson,Laptop Sleeve,76,464.46,12/26/2022,Devi Baxill,Check,PO Box 60456,Suite 21,PO Box 49358
218,Chen Skerme,Dark Chocolate Bars,40,76.05,2/22/2022,Yolane Astin,Check,3rd Floor,Suite 49,Apt 59
219,Arly Jaukovic,Blackberry Jam,45,189.13,12/31/2020,Wiatt Rubery,Check,Apt 509,PO Box 90845,Apt 1957
220,Chico Matveyev,Spicy Tuna Sushi Kit,23,146.13,3/13/2022,Rafe Rubberts,Credit Card,20th Floor,Apt 100,Room 1489
221,Manda Iacovucci,Coconut Curry Chicken,80,58.16,3/12/2020,Osmund Byfford,Credit Card,Apt 198,Room 1253,Room 1007
222,Wittie Snowling,Bamboo Utensil Holder,4,716.92,2/16/2020,Sarena Orry,Cash,Apt 557,Room 965,15th Floor
223,Aime Spaducci,Comfy Slippers,89,872.21,12/7/2020,Eduard Breckenridge,Cash,Room 921,1st Floor,Room 28
224,Nate McAlees,Crispy Onion Rings,40,618.37,4/7/2021,Leoline Matiebe,Cash,Room 35,Room 1243,Suite 68
225,Geralda Pumphreys,Kale Salad with Lemon Dressing,85,241.04,4/21/2021,Blair Fake,Check,Apt 945,Apt 19,Suite 42
226,Janeta Claasen,Roasted Garlic Mashed Potatoes,5,613.07,6/17/2020,Deck Kupis,Credit Card,Apt 1008,Room 1381,Suite 65
227,Sharon Bonnefin,Classic Cheesecake Mix,40,338.87,5/22/2020,Portia Pattington,Check,Room 1864,4th Floor,Suite 93
228,Jacky Kenningley,Ground Turkey,97,335.57,9/1/2020,Wells McFie,Check,PO Box 51728,PO Box 48225,Room 1809
229,Ferdinand Crummie,Reversible Swimming Pool Lounger,71,41.6,11/24/2020,Dela Stanbra,Check,10th Floor,Apt 92,Room 630
230,Reamonn Durtnal,Two-Tone Windbreaker,4,796.6,6/8/2021,Chaunce Zanicchi,Credit Card,7th Floor,Suite 87,10th Floor
231,Kenton Gherardesci,Savory Pumpkin Soup,22,617.6,9/2/2021,Aluin Mowat,Credit Card,5th Floor,Suite 64,Apt 1804
232,Darice Verdie,Gardening Kneeler and Seat,86,960.17,12/27/2022,Katusha Opfer,Credit Card,Suite 1,PO Box 92271,Apt 238
233,Martino Pallin,Pepper Jack Cheese Slices,15,324.98,9/8/2022,Gareth Darling,Check,Suite 86,Suite 57,Suite 52
234,Augusto Knutsen,Wall-Mounted Organizer,94,72.67,9/26/2020,Jerrold Wakerley,Credit Card,Room 913,7th Floor,Suite 67
235,Gianna Yokelman,USB Wall Charger,27,268.32,5/11/2022,Ingaberg Beech,Cash,Apt 1743,PO Box 44497,PO Box 37350
236,Frieda Cason,Noise-Canceling Earbuds,65,131.73,8/27/2020,Dyann Cofax,Credit Card,9th Floor,Suite 98,Suite 46
237,Jeffie Iczokvitz,Cotton Sweatpants,64,214.12,11/1/2020,Hershel Stowe,Credit Card,Suite 77,Room 1496,Suite 71
238,Jerome Mussalli,Garlic Herb Seasoning,85,364.62,6/16/2022,Hamid Howel,Credit Card,Apt 1315,Suite 45,Apt 1068
239,Bailie Manuely,Organic Coconut Water,18,543.91,8/20/2021,Joelle Rathborne,Cash,Apt 1488,PO Box 94707,PO Box 54569
240,Hort Meysham,Organic Brown Sugar,97,445.89,10/1/2022,Elinore Agar,Credit Card,Suite 28,20th Floor,PO Box 11070
241,Ella Mandeville,Organic Coconut Sugar,78,914.83,5/8/2020,Marcello Silversmid,Credit Card,Apt 1386,Room 1416,Suite 84
242,Barr Standell,Basmati Rice,48,422.08,4/8/2021,Dee Cortin,Check,Room 852,Apt 496,Apt 1905
243,Delora Deaville,Tailored Blazer,80,24.26,3/24/2021,Jessey Stych,Check,12th Floor,Suite 31,Apt 1652
244,Allene Hanaby,Ethical Wool Scarf,22,307.85,7/23/2021,Benjy Renwick,Check,12th Floor,Apt 288,Suite 58
245,Ofilia Du Fray,Chocolate Coconut Granola,9,940.11,9/28/2021,Etienne MacNaughton,Credit Card,Suite 5,Suite 5,Room 476
246,Pennie Doberer,Organic Whole Grain Oats,43,972.83,5/10/2021,Kyle Borrett,Check,PO Box 77748,1st Floor,Room 1674
247,Terrance Mugford,Gaming Mousepad,71,685.98,3/21/2022,Robbi Maslin,Cash,PO Box 52425,Suite 44,PO Box 6805
248,Bernie Westoff,Coconut Rice,53,972.32,3/5/2022,Edmund MacGilfoyle,Check,Room 644,Suite 24,Room 985
249,Quentin Brocklebank,Fresh Basil,56,432.42,2/3/2020,Thibaut Stonary,Cash,PO Box 92852,PO Box 54537,9th Floor
250,Charil Kabisch,Lentil Soup,95,689.56,1/27/2020,Collette Matyushonok,Credit Card,Apt 741,Apt 1636,PO Box 90289
251,Merline Wynrahame,Creamy Garlic Dressing,95,36.14,6/29/2022,Marcus Gold,Credit Card,Apt 921,Room 204,Suite 16
252,Letti de Aguirre,Caramelized Onion Dip,22,531.22,5/23/2021,Dorita Broderick,Check,PO Box 6187,Suite 49,Suite 67
253,Dot Ibanez,Camping Tent,46,923.97,7/15/2022,Bren Smye,Cash,Suite 99,Room 1991,Apt 1863
254,Dorry Kuhle,Manual Coffee Grinder,92,481.16,5/2/2020,Rheba Cattrall,Check,PO Box 8825,PO Box 90616,10th Floor
255,Malvin Cabble,Pepperoni Pizza Rolls,20,636.7,11/9/2021,Belicia Aldrich,Cash,Suite 8,Room 1952,Apt 953
256,Rorke Climo,Organic Lentil Soup,34,671.74,1/25/2021,Dore Clissold,Check,3rd Floor,PO Box 61040,PO Box 49934
257,Aaren Wildash,Durable Hiking Boots,60,789.62,8/23/2020,Nanni Attenburrow,Check,PO Box 76049,12th Floor,Suite 65
258,Ursuline Vernazza,Reusable Silicone Food Storage Bags,52,350.93,7/17/2022,Delores Haseman,Check,19th Floor,Apt 1695,Apt 1574
259,Toinette Wixon,Mini Fondue Set,49,755.91,9/8/2022,Eadie Imort,Cash,PO Box 12686,Room 419,PO Box 33984
260,Dulcy Pereira,Set of Silicone Cooking Utensils,86,932.07,8/4/2021,Kirsteni Mitchard,Check,Room 1907,Apt 445,PO Box 95804
261,Kristel Vallentine,French Bread,60,300.82,5/29/2022,Cobby Deering,Cash,14th Floor,17th Floor,Suite 91
262,Priscella Bergeau,Weighted Jump Rope with Counter,80,341.84,8/28/2022,Alfy Lievesley,Credit Card,Suite 3,Apt 1434,Suite 34
263,Maynard Dell'Abbate,Portable Blender,38,106.51,6/1/2022,Quint Dudgeon,Check,Apt 935,Apt 1442,Suite 47
264,Leodora Miere,Electric Blanket,97,776.79,5/12/2021,Samara Calles,Check,Room 137,Apt 949,14th Floor
265,Fowler Folks,Spiralizer,66,144.09,12/17/2022,Kinnie Begg,Check,Apt 307,Room 1767,Suite 22
266,Granger Johnston,Sesame Seeds,8,369.89,7/2/2022,Creight Canet,Check,Suite 55,Apt 1847,Apt 747
267,Korey Soltan,Survival Gear Kit,53,434.76,6/2/2020,Barrie Esplin,Credit Card,20th Floor,Suite 55,Apt 1750
268,Leanna Piatkow,Motorcycle Phone Mount,84,953.7,11/5/2020,Josepha Goathrop,Check,PO Box 68681,9th Floor,Apt 791
269,Winston Urwen,Children's Backpack,31,917.47,3/2/2022,Bobette Gullivan,Credit Card,Apt 73,18th Floor,Suite 69
270,Lion McDermott,Wall Art Stickers,95,692.86,8/17/2022,Carmine Bolletti,Credit Card,17th Floor,Apt 1394,Apt 1357
271,Nisse Maharry,Set of Silicone Cooking Utensils,18,439.22,11/6/2022,Nariko Probin,Check,Apt 285,Suite 33,PO Box 60867
272,Raquela Alan,Vegetable Fried Rice Mix,95,927.89,9/27/2020,Archy Parysowna,Cash,PO Box 30984,Suite 46,Apt 22
273,Erina Hiscoke,Hibiscus Herbal Tea,19,728.2,9/27/2022,Olav Veneur,Credit Card,9th Floor,3rd Floor,PO Box 32280
274,Norby Rosini,Kids' Building Blocks,6,287.31,11/4/2022,Hakeem Raywood,Credit Card,Room 732,Room 1449,12th Floor
275,Giana Bruckner,Organic Tomato Ketchup,37,83.55,9/3/2022,Dannie McNern,Credit Card,PO Box 43967,PO Box 91228,PO Box 9581
276,Andris Brodest,Portable Bluetooth Speaker,6,731.03,3/30/2020,Odette Dunmuir,Cash,Room 986,PO Box 55807,Apt 712
277,Marius Donnell,Pumpkin Spice Latte Mix,82,194.44,9/8/2022,Shirlene Veness,Check,PO Box 58076,PO Box 10524,18th Floor
278,Timi Grayshon,Thai Red Curry Paste,95,111.78,4/20/2022,Pattie Mitskevich,Check,Apt 1240,Suite 73,Suite 2
279,Axe Risborough,Reflective Safety Vest,86,722.02,6/15/2021,Jazmin Becker,Check,16th Floor,8th Floor,Room 727
280,Guillemette Kernar,Home Office Chair,81,402.84,8/12/2020,Conn Fullylove,Cash,Apt 267,6th Floor,Suite 46
281,Isahella Colbertson,Weighted Blanket for Adults,63,761.73,5/7/2022,Codi Rief,Check,Apt 790,Apt 915,1st Floor
282,Quintilla Salle,Compact Shoe Rack,22,953.66,11/16/2020,Pen Andrioli,Credit Card,Suite 65,Apt 1832,Suite 33
283,Mohandis Southern,Coloring Books for Adults,75,613.09,8/30/2022,Cortie Gosalvez,Credit Card,PO Box 29504,Room 1496,Room 1889
284,Jerrylee Searchfield,Shatterproof Wine Glasses,79,895.68,12/6/2020,Winnah Gowry,Cash,Apt 1918,Room 149,Suite 38
285,Napoleon Cressar,Portable Laptop Table,39,608.26,11/10/2020,Fifine Hendren,Check,Apt 1478,Room 1613,Apt 1799
286,Estella McNaught,Teriyaki Sauce,97,672.52,2/24/2021,Olva Heino,Credit Card,Room 654,Room 650,Room 1512
287,Tann Lean,Mini Indoor Hydroponic Garden,46,503.74,4/10/2020,Hermine Exter,Check,PO Box 2525,Apt 1543,3rd Floor
288,Jammal Joslow,Sriracha Sauce,73,752.57,12/6/2021,Filbert Haly,Credit Card,Suite 94,Room 458,PO Box 66698
289,Sinclair Corton,Dried Apricots,12,846.11,4/20/2021,Niki Raistrick,Credit Card,Suite 48,Suite 95,Suite 31
290,Isabelle Arger,Striped Long Sleeve Shirt,93,139.51,1/4/2020,Marina Stelli,Cash,19th Floor,Apt 37,Apt 1364
291,Rhea Chidgey,Heat-Resistant Silicone Mat,62,193.38,7/6/2022,Corty Forker,Credit Card,Apt 513,Apt 1923,PO Box 970
292,Alanson Manners,Mediterranean Olives,37,470.68,6/23/2021,Hyacinthe Leavold,Check,Apt 1242,1st Floor,Suite 48
293,Andy Gorusso,Fitness Tracker Watch,82,386.65,12/4/2022,Codi Bridges,Credit Card,PO Box 17421,19th Floor,20th Floor
294,Oswell Krzysztof,Hibiscus Tea Bags,27,692.71,3/20/2020,Linda Dunley,Check,Room 554,Room 967,Suite 88
295,Loise Padley,Non-Slip Yoga Socks,51,245.18,9/26/2022,Lilly Blaxton,Cash,Apt 1110,PO Box 85728,Apt 1669
296,Bertrand Soppeth,Dog Frisbee Toy,39,957.18,2/7/2022,Antin Fitzpayn,Check,PO Box 86581,Suite 48,16th Floor
297,Georgiana Adamides,Adjustable Pedicure Footrest,31,844.79,5/12/2021,Pavia Weir,Credit Card,Room 1684,Room 152,PO Box 35146
298,Claudius Shrubshall,Car Escape Tool,44,411.44,11/7/2021,Brandice Cundict,Check,Apt 1326,6th Floor,Room 952
299,Kassi MacGorrie,Camera Lens Cleaning Kit,24,321.24,8/21/2022,Pollyanna Woods,Credit Card,16th Floor,Room 1701,PO Box 63864
300,Petronille Izod,Smart Light Bulbs,8,752.16,8/2/2022,Jesselyn Skains,Credit Card,11th Floor,20th Floor,PO Box 67410
301,Taryn Clemmen,Raspberry Vanilla Greek Yogurt,55,107.17,12/24/2020,Merla Leishman,Credit Card,Room 475,Room 1252,Apt 1291
302,Ulla Donke,Mini Cordless Vacuum Cleaner,56,865.96,7/8/2021,Arron Pedwell,Check,11th Floor,Apt 1214,3rd Floor
303,Witty Haney,Adjustable Pet Feeder,72,991.81,8/11/2021,Delly O'Hagerty,Check,Room 770,Suite 49,Apt 625
304,Les Casol,Homestyle Beef Stew,99,605.26,9/26/2020,Piper Kennion,Credit Card,Apt 1587,PO Box 4457,Apt 1836
305,Adiana Zupa,Outdoor Portable Fire Pit,86,385.76,7/3/2021,Joanne Jinkins,Cash,PO Box 21398,9th Floor,Room 747
306,Urban Backhouse,Kids' Crafting Station,10,350.3,7/15/2021,Luci Mackriell,Cash,4th Floor,Suite 8,Suite 85
307,Con Huleatt,Thai Peanut Noodles,82,521.33,9/15/2021,Candis Fasson,Cash,6th Floor,Apt 1225,5th Floor
308,Emelda Carl,Chocolate Chip Pancake Mix,19,477.04,1/2/2020,Giffard Augie,Check,PO Box 94231,Room 68,Apt 374
309,Annmarie Skipper,Repair Tool Set for Home Improvement,36,995.44,6/2/2020,Farrell Ogborne,Check,Apt 621,PO Box 42615,Apt 105
310,Nana Alesin,Multi-Layer Food Steamer,63,157.9,6/15/2022,Yoshi Whistan,Cash,Suite 64,PO Box 4622,Suite 18
311,Abel Atack,Spicy Roasted Nuts,69,604.65,11/2/2021,Lonnie Done,Cash,Room 369,Suite 12,Apt 452
312,Arlette Hallt,Cinnamon Raisin Bread,54,142.78,1/16/2022,Selle McGonagle,Cash,Room 1201,Suite 18,PO Box 47018
313,Tyrone Petrou,Personalized Cutting Board,33,561.06,8/17/2020,Nickolai Emblow,Check,PO Box 96382,PO Box 90429,Room 331
314,Audre Lidgett,Fresh Basil Pesto,40,780.12,11/14/2022,Dorelia Sigert,Credit Card,Room 215,Room 18,Room 1210
315,Verla Grzegorczyk,Coffee Making Kit,90,286.11,3/2/2022,Amanda Littlechild,Check,PO Box 96976,Apt 774,Suite 40
316,Jabez Ramlot,Vegetable Sushi Rolls,66,462.21,11/13/2020,Marleen Epinoy,Check,Room 1052,Apt 1093,Room 1268
317,Spenser Whitton,Basil Pesto Pasta,67,450.68,1/9/2021,Golda Twinning,Credit Card,6th Floor,PO Box 2859,PO Box 32746
318,Patin Petrus,Savory Pumpkin Soup,60,409.82,11/29/2021,Jane Hartburn,Credit Card,Apt 628,14th Floor,Apt 1259
319,Morrie Dallywater,Organic Granola,70,669.45,5/27/2021,Jody Crumpe,Check,Apt 466,Apt 851,Suite 34
320,Shalne Simka,Cinnamon Raisin Bread,14,844.22,11/4/2022,Ariel Spybey,Cash,Apt 915,17th Floor,12th Floor
321,Craggie Horney,Solar Power Bank,46,105.46,12/13/2021,Alphonse Prestidge,Check,1st Floor,PO Box 36674,Apt 1366
322,Adrian Torrent,Kettle BBQ Grill,86,327.04,2/7/2022,May Boyall,Cash,PO Box 65231,Suite 52,PO Box 50203
323,Brandy Trevers,Customizable Wall Calendar,54,599.49,11/5/2021,Harlen Nickoll,Cash,Room 551,13th Floor,Room 891
324,Cymbre Lanphere,Bike Helmet,99,787.21,10/9/2020,Theadora Chate,Check,PO Box 11139,Room 29,Suite 69
325,Selle Wennam,Raisin Cinnamon Granola,17,9.25,2/26/2022,Martino Draisey,Cash,Suite 57,18th Floor,PO Box 94179
326,Ezequiel Cicutto,Peach Slices in Syrup,59,947.03,9/20/2020,Kathe Fink,Credit Card,Room 1196,Apt 335,8th Floor
327,Carson Cradock,Beef Chili,80,765.44,9/17/2020,Zack Bluschke,Cash,PO Box 84503,19th Floor,Suite 93
328,Van Croyser,Baked Falafel,89,512.54,10/26/2020,Tobiah Ofield,Check,Suite 42,1st Floor,Suite 76
329,Sinclare Andreolli,Indian Curry Sauce,4,316.85,7/4/2022,Maddy Cleatherow,Cash,Apt 928,1st Floor,4th Floor
330,Lyn Wroath,Kettle Corn Popcorn,8,452.15,12/19/2022,Stephie Burridge,Check,PO Box 88034,Apt 902,Apt 396
331,Sara-ann Granham,Black Olives,34,200.55,2/8/2021,Ladonna Russel,Cash,Apt 1623,7th Floor,PO Box 89293
332,Moina Ketchaside,Hot Salsa,35,480.82,6/6/2020,Cristabel Brou,Cash,Room 671,16th Floor,PO Box 76193
333,Dawn Brennon,Almond Butter Cookies,53,226.67,11/29/2020,Shandeigh Pendall,Cash,12th Floor,PO Box 92887,6th Floor
334,Jane Koles,Gingerbread House Kit,32,489.16,10/11/2021,Hebert Aucott,Cash,PO Box 56657,Apt 33,4th Floor
335,Lexis Ferreira,Teriyaki Sauce,100,513.12,2/13/2020,Bernice MacGeffen,Check,Apt 1713,Suite 82,Suite 5
336,Auria Seiffert,Portable Pet Water Bottle,49,853.69,11/10/2020,Alvie Fenney,Credit Card,Room 809,14th Floor,Apt 1886
337,Gonzales Lucia,Mini Meatballs,9,101.6,7/31/2021,Ulises Banton,Check,Apt 462,PO Box 51233,PO Box 26628
338,Anders Lorkings,Personalized Pet ID Tags,46,121.42,8/29/2021,Lyle Ballister,Check,16th Floor,20th Floor,9th Floor
339,Curran Beaufoy,LED Flashlight,43,235.48,7/15/2022,Ailyn Pipet,Credit Card,Suite 1,Room 509,PO Box 21184
340,Ruy Berzin,Dried Cranberries,78,667.45,12/17/2022,Morey Yare,Check,PO Box 6998,Apt 1207,4th Floor
341,Laurens Meins,Cauliflower Pizza Crust,76,324.0,6/4/2020,Casey Lackie,Check,Room 878,8th Floor,Apt 123
342,Jackquelin Coles,Trackpad for Laptop,27,982.84,6/1/2021,Fayre Daal,Credit Card,17th Floor,PO Box 84344,Apt 488
343,Emmi Thorndycraft,Green Tea Matcha Powder,24,817.63,3/19/2020,Tiffani Breens,Check,PO Box 12449,Suite 67,Apt 1422
344,Ag Jermey,Electric Pressure Washer,2,887.17,1/22/2020,Meris Whitnell,Cash,2nd Floor,PO Box 91897,PO Box 8206
345,Marlow Gibbie,Baby Monitor,94,536.09,11/8/2020,Andy Gilders,Cash,PO Box 96655,PO Box 36641,Room 1552
346,Clary Stoffels,Canvas Tote Bag,21,320.84,1/29/2022,Cortney Siddall,Check,PO Box 87543,10th Floor,PO Box 56068
347,Marcello Marritt,Paprika,42,453.26,11/4/2021,Glen Poluzzi,Cash,Room 1583,Apt 1637,Suite 52
348,Lionello Glawsop,Compact Umbrella,33,700.71,6/24/2021,Arliene Larkins,Cash,Room 1530,Room 1935,Apt 1682
349,Chad Halfhide,Pet Grooming Brush,35,213.18,4/19/2020,Teri Simo,Credit Card,PO Box 35246,Room 127,Suite 85
350,Hinda Cawkwell,Coffee Maker,89,564.59,1/7/2021,Michelina Leinster,Cash,PO Box 87760,11th Floor,Suite 59
351,Ede MacHarg,Honey Sriracha Chicken Bites,10,492.55,7/27/2022,Johannes Bogace,Check,Apt 1612,Apt 988,19th Floor
352,Elianore Dohrmann,Organic Black Beans,22,752.34,5/7/2022,Moira Pues,Check,PO Box 98189,Apt 1620,PO Box 1998
353,Lenore Cella,Roasted Garlic Butter,6,355.17,4/13/2021,Verney Duthy,Credit Card,Room 1508,Apt 434,PO Box 29356
354,Conrad Commins,Sliced Cucumbers,68,58.61,5/22/2021,Alessandro Sutherley,Cash,Apt 1364,Apt 1153,Apt 702
355,Dina Grunson,Silicone Baking Mat Set,29,907.92,4/11/2021,Eugenie Pencost,Credit Card,4th Floor,Apt 1779,Suite 13
356,Riane Munkley,Elegant Maxi Skirt,86,722.32,10/30/2021,Rose Larive,Cash,Apt 1265,19th Floor,Room 816
357,Nerty Canham,Toilet Paper (12 rolls),29,362.93,3/30/2021,Jessa Janjusevic,Check,PO Box 55797,Suite 36,Apt 1011
358,Rod Menci,Cinnamon Raisin Bread,58,808.55,10/24/2021,Kelila Capner,Check,Apt 1138,Apt 124,Room 1421
359,Ardelle Shipton,Peanut Butter Granola,64,839.21,10/7/2021,Talyah Anthes,Credit Card,14th Floor,PO Box 44913,12th Floor
360,Nathalia Scroggie,Portable Hammock with Stand,21,266.04,2/6/2021,Anissa Wakeling,Credit Card,PO Box 91607,Apt 309,Apt 35
361,Sanford Blagburn,Body Wash,10,734.51,7/10/2022,Kristy Liepina,Cash,Suite 81,Suite 90,Suite 16
362,Kevon Leppard,Compact Shoe Rack,52,527.62,4/15/2021,Etty Galland,Check,PO Box 57566,Room 659,PO Box 7960
363,Emory Haile,Chipotle Seasoning Blend,27,844.29,11/22/2022,Tony Shardlow,Credit Card,Suite 40,12th Floor,Suite 39
364,Ephrem Rives,Classic Leather Wallet,66,375.14,9/4/2022,Florrie Mackley,Credit Card,PO Box 38070,PO Box 70746,PO Box 85937
365,Heywood Sharpin,Spicy Kimchi,91,53.2,1/29/2022,Felicio Spollen,Cash,Room 1904,Suite 86,Room 63
366,Nonna Kersey,Pet Travel Bed,79,239.63,12/24/2022,Juline Cubbon,Credit Card,6th Floor,Suite 84,15th Floor
367,Kippy Boardman,Lemon Zest Olive Oil,43,607.48,1/16/2022,Rafaela Janeway,Cash,PO Box 7294,PO Box 28533,Suite 84
368,Ezekiel Tremblay,Poppy Seed Dressing,4,917.57,5/14/2021,Edyth Denning,Credit Card,PO Box 76674,Apt 1533,Room 1198
369,Sherwin Hubbart,Luxe Velvet Blazer,77,869.82,1/22/2022,Laetitia Birkett,Credit Card,15th Floor,Room 1,Apt 558
370,Janina Diemer,Spicy Thai Chili Sauce,49,444.16,5/3/2021,Lorna Carbert,Credit Card,2nd Floor,13th Floor,1st Floor
371,Jenelle Holdworth,Coconut Chips,96,194.39,11/9/2020,Lutero Trowler,Cash,Apt 1103,Room 1045,3rd Floor
372,Elnore Pearse,Mushrooms,31,625.92,6/6/2021,Fredra Blew,Check,PO Box 39326,Suite 37,PO Box 68026
373,Brunhilde Piatkow,Tahini,2,800.38,5/2/2022,Arlana Kestell,Cash,PO Box 87580,13th Floor,Room 317
374,Yolane Iredell,Kitchen Scale,77,941.07,1/29/2022,Carlynn Vaux,Cash,2nd Floor,Apt 84,Apt 1375
375,Jannel O'Doogan,Electric Rice Cooker,94,392.95,11/21/2021,Davey Leddie,Credit Card,5th Floor,Apt 1408,Room 135
376,Petrina Shasnan,Customizable Name Puzzle,95,656.22,3/17/2022,Cord Overlow,Credit Card,PO Box 86833,Room 1151,Room 1057
377,Bonnie Nunan,Rainbow Veggie Chips,85,586.78,6/25/2021,Charo Brounsell,Check,PO Box 23232,Suite 20,Room 120
378,Cynthea Scutt,Hydration Backpack,51,145.04,4/21/2020,Regan Jakubovicz,Credit Card,Apt 917,Apt 826,7th Floor
379,Xaviera Yuranovev,Smartphone Projector,76,286.92,9/12/2022,Gannie Brunini,Check,PO Box 72403,13th Floor,PO Box 47460
380,Saleem Pantecost,Black Bean & Corn Salad,79,310.78,3/14/2020,Krystal Dumberell,Check,Suite 16,Suite 53,Suite 86
381,Celinda Balcock,Rice Pilaf Mix,85,8.55,5/25/2021,Rad Hansod,Cash,Suite 98,PO Box 42914,5th Floor
382,Tybi Danielian,Coffee Making Kit,61,914.24,6/9/2020,Ferris Spandley,Cash,PO Box 98247,PO Box 13812,PO Box 21070
383,Lou Rowena,Almond Flour Pizza Crust,55,104.75,5/12/2020,Rozalie Erley,Cash,PO Box 58073,Apt 1854,PO Box 48617
384,Anet Fawdrie,Classic Leather Wallet,84,870.98,1/7/2022,Thurston Hars,Check,Room 951,Suite 26,Apt 722
385,Georges McKague,Roasted Sweet Corn,85,324.32,9/27/2021,Doretta Heymes,Cash,Room 715,Suite 34,Apt 1371
386,Ciel Regitz,Sliced Cheese,61,38.11,7/25/2020,Randa Waiton,Cash,Apt 1803,PO Box 53779,3rd Floor
387,Rogers Cuardall,Cinnamon Roll Kit,25,264.32,9/23/2021,Rex Pottes,Cash,PO Box 8025,Suite 7,Room 1663
388,Gladys Janovsky,Frozen Vegetarian Pizza,28,36.83,6/4/2020,Menard Mechic,Check,13th Floor,Apt 1893,Suite 51
389,Hermione Vause,Smart Thermostat with Wi-Fi,46,720.6,12/29/2020,Flem Ranahan,Cash,PO Box 92503,PO Box 13328,PO Box 93608
390,Corene Dechelette,Decorative Wall Tapestry,53,723.26,9/18/2022,Dominica Ashingden,Credit Card,20th Floor,Apt 1501,16th Floor
391,Somerset Saines,Electric Opener for Jars and Bottles,63,216.65,5/21/2020,Clint Valeri,Cash,Suite 90,Room 1124,Apt 533
392,Grier Romanet,Basil Tomato Soup,83,921.9,8/20/2021,Matthew Mosey,Credit Card,PO Box 45179,PO Box 66728,PO Box 96000
393,Nina Platts,Electric Meat Grinder,13,774.52,2/13/2021,Noreen Haith,Credit Card,Suite 34,PO Box 49197,PO Box 3320
394,Lukas Escolme,Chocolate Raspberry Tart,28,84.46,3/1/2021,Bourke Lindbergh,Cash,5th Floor,2nd Floor,Apt 1617
395,Timmy Wisniowski,Vanilla Almond Granola,8,234.99,5/18/2020,Mason MacPhail,Cash,Apt 1992,9th Floor,PO Box 60985
396,Abdul Sneezem,Rain Jacket,20,100.24,10/10/2022,Michel Maddick,Credit Card,14th Floor,Apt 716,1st Floor
397,Wash Bratley,Sports Windbreaker,54,609.65,3/16/2020,Vinny Matokhnin,Cash,Apt 1999,Room 1715,3rd Floor
398,Courtney Barnet,Car Seat Organizer,28,120.78,3/3/2020,Leticia Erskin,Check,Suite 66,Suite 60,PO Box 90490
399,Modestia Quinsee,Sea Salt Caramel Popcorn,73,628.84,2/7/2020,Walliw Hysom,Cash,Suite 63,PO Box 44378,4th Floor
400,Elihu Ambrosini,Floral Summer Dress,59,384.03,5/9/2022,Roman Shieldon,Cash,Apt 726,4th Floor,Apt 1297
401,Kip Trail,Frozen Chicken Nuggets,23,200.03,3/31/2022,Kaye Blaver,Cash,PO Box 40836,Room 842,Room 150
402,Chrissy Bastiman,Mediterranean Flatbread,85,754.85,9/13/2020,Sonnie Burrett,Cash,Room 983,Room 407,Suite 20
403,Bonnee Yosselevitch,Running Shorts,16,865.53,3/20/2022,Amble Madeley,Cash,Room 744,Room 825,Apt 353
404,Dolley Kuhnwald,Wine Glasses,92,966.36,11/28/2022,Nicol Maunders,Cash,Suite 84,PO Box 9648,PO Box 89793
405,Godart Matresse,Soft Plush Throw Blanket,93,951.26,3/18/2020,Merrile Ivasechko,Cash,Suite 62,Apt 1019,Suite 81
406,Thaxter Britzius,Water Bottle,21,642.8,1/2/2022,Minor Lambdean,Credit Card,Suite 58,Apt 1493,Apt 1047
407,Barr Scard,Carrot Ginger Soup,30,810.72,12/5/2020,Arabela Barkworth,Check,PO Box 413,PO Box 11039,Room 406
408,Drucill Astlett,Almond Flour Pizza Crust,41,687.45,1/26/2021,Marijn Segoe,Check,PO Box 14512,Room 394,Apt 366
409,Ashli Duke,Pet Hair Remover,51,413.43,6/30/2020,Ceciley Plumridge,Credit Card,Apt 1315,Suite 32,Suite 87
410,Kenton Eaton,Denim Jacket,19,98.69,3/8/2022,Shermie Williams,Credit Card,Apt 612,19th Floor,PO Box 51055
411,Lauraine Peto,Creamy Tomato Basil Soup,12,416.56,2/13/2021,Johannah Fidilis,Cash,Apt 1292,3rd Floor,Apt 175
412,Waring Aronson,Electric Heat Pad,57,29.76,6/12/2021,Myer Biaggi,Credit Card,Room 308,Apt 1501,Suite 56
413,Magdalene Freda,Gardening Gloves,62,951.9,10/9/2022,Milty Timpany,Check,Room 1778,Room 747,PO Box 95420
414,Pieter Macveigh,Fruit & Nut Trail Mix,93,559.68,7/30/2020,Hilary Andreuzzi,Cash,Room 1474,PO Box 52967,Room 441
415,Lambert McDugal,Vanilla Protein Powder,71,112.93,5/3/2022,Kary Pulham,Check,Room 943,PO Box 71345,Apt 1625
416,Birdie Olivet,Chili Lime Corn Chips,57,587.23,3/16/2022,Archer Eicheler,Credit Card,17th Floor,1st Floor,4th Floor
417,Dena Berk,Fitness Jump Rope with LCD Counter,43,516.96,11/24/2020,Domenic Inker,Cash,Suite 21,18th Floor,Apt 970
418,Dulcea Haldenby,Chunky Knit Sweater,74,966.12,6/19/2022,Leonanie Cassam,Cash,18th Floor,PO Box 80933,Room 1838
419,Robyn Janusik,Wall Calendar,64,794.88,7/16/2021,Stacey Ferriman,Check,Suite 77,Apt 1499,Room 1337
420,Marcella Brennenstuhl,Crafting Kit,53,955.87,9/29/2022,Elsinore Fer,Credit Card,7th Floor,Suite 4,5th Floor
421,Correy Hogsden,Whole Grain Hamburger Buns,80,206.26,8/29/2021,Danyette Pavek,Cash,PO Box 75441,Apt 1221,Apt 735
422,Patrizio Dahlgren,Handcrafted Wooden Coasters,61,636.44,10/3/2022,Arlyn Rolls,Check,15th Floor,Apt 570,Room 1658
423,Adelaide Lettley,Elderberry Syrup,22,782.55,1/14/2021,Alonzo Danielsky,Credit Card,Apt 1311,Apt 214,4th Floor
424,Tally Cicculini,Frozen Fruit Medley,17,258.29,6/3/2020,Charmion Schoffel,Credit Card,Room 706,2nd Floor,PO Box 50879
425,Margi Felton,Pet Travel Bed,56,939.11,11/26/2021,Any Klewi,Cash,15th Floor,Suite 29,Suite 51
426,Erinna Gatesman,Coloring Books for Adults,93,283.29,3/30/2020,Tyrone Nevins,Cash,PO Box 69732,Suite 66,Suite 50
427,Michaelina O'Neary,Honey Roasted Chickpeas,44,2.51,1/5/2022,Giacomo de Guise,Cash,Suite 32,PO Box 48632,Room 904
428,Dan Braime,Adjustable Pet Grooming Table,78,606.76,10/25/2022,Reinwald Haney`,Check,Suite 64,Apt 276,Apt 1316
429,Alis Tabbitt,Essential Oils Diffuser Necklace,93,707.32,7/22/2021,Jeannette Payze,Credit Card,PO Box 88599,Suite 69,PO Box 11038
430,Johnna Cran,Organic Green Apples,67,962.15,7/19/2022,Lowell Higgan,Check,Apt 394,Room 1663,6th Floor
431,Germayne Pyle,Fitbit Activity Tracker,61,64.98,4/27/2021,Antonius Cottesford,Credit Card,Suite 67,PO Box 5951,Suite 37
432,Jodee Izkovitch,Travel Document Organizer,12,620.63,7/23/2021,Jared Tolussi,Cash,9th Floor,20th Floor,PO Box 9690
433,Cammy Blewmen,Portable Blender,49,553.34,3/4/2020,Meris Starkings,Check,Room 1356,Suite 49,19th Floor
434,Ofelia Finneran,Whole Grain Hamburger Buns,99,678.27,2/3/2020,Dana Webster,Cash,4th Floor,Room 499,Room 1767
435,Deena Pashley,Gardening Tools Set,94,773.49,4/26/2022,Aguistin Bonson,Credit Card,Suite 75,PO Box 92449,Apt 1200
436,Alicea Di Giacomettino,Organic Fruit Salad,52,185.95,7/12/2022,Pierson Rawkesby,Credit Card,PO Box 85077,Suite 56,Apt 1072
437,Ellyn Bartrap,Jennifer's Amazing Lip Balm Kit,15,25.13,2/27/2022,Charleen Lytell,Credit Card,Apt 821,Apt 1457,9th Floor
438,Crissie Veschambes,Chicken Sausage,2,673.34,1/31/2022,Belia Mikalski,Credit Card,18th Floor,19th Floor,Room 657
439,Marjie Chittim,Spicy Avocado Salsa,81,810.9,6/19/2020,Dickie Kalkofen,Credit Card,Suite 75,Room 1425,Apt 1743
440,Kelcy Griffitt,Fruit and Nut Bars,91,534.42,3/11/2021,Nadean Westcar,Check,PO Box 95951,Apt 509,9th Floor
441,Maryl Lohmeyer,Plant-Based Cookbook,10,47.33,2/20/2022,Gawen Bolzmann,Cash,PO Box 98859,Room 1527,Apt 1608
442,Brose Dronsfield,Adjustable Kneeling Pad,78,695.9,6/29/2021,Vivianna Wride,Check,Suite 35,15th Floor,PO Box 52903
443,Eugine Newburn,Printed Maxi Skirt,12,222.82,9/20/2022,Ryan Algate,Check,Room 91,Suite 10,Apt 1213
444,Rebecka Lohde,Mini Hand Gesture Drone,61,644.11,7/2/2022,Evered Dreakin,Cash,Suite 58,PO Box 31424,Apt 1007
445,Mariana McHale,Personalized Pet ID Tags,3,582.79,9/10/2021,Rosanna Calan,Credit Card,Room 390,Room 76,PO Box 1042
446,Christabel Bevis,Fleece Lined Leggings,32,180.57,1/5/2020,Kelley Gittis,Credit Card,Apt 683,PO Box 39270,Suite 11
447,Henrie Stevens,Handmade Wooden Utensil Set,51,515.11,11/18/2020,Joey Offa,Check,Apt 275,Apt 532,Room 1894
448,Penny Kosiada,Chocolate Chip Muffins,42,884.86,2/21/2022,Ellwood Rigby,Cash,Suite 8,Apt 644,Apt 729
449,Vladimir Bartomieu,Sweet Chili Dipping Sauce,67,726.88,10/7/2022,Harp Clinkard,Check,20th Floor,PO Box 21492,1st Floor
450,Bruce Needs,Dark Chocolate Almond Butter Cups,71,276.23,6/26/2020,Wesley Giordano,Cash,18th Floor,8th Floor,6th Floor
451,Janos Yakobowitch,Sushi Rice,89,700.68,6/11/2021,Nora Shailer,Credit Card,Suite 50,Suite 55,PO Box 81730
452,Clarine Mithun,Portable Pet Bathing Tool,31,131.22,12/7/2021,Budd Fentem,Credit Card,Room 754,Apt 357,PO Box 42701
453,Murial Campion,Classic White T-Shirt,59,52.54,5/3/2022,Leese Julyan,Cash,Apt 387,PO Box 91389,Apt 1648
454,Kirbie Biner,Video Camera,69,376.05,9/16/2021,Bria Gainfort,Credit Card,Apt 71,Apt 1396,Apt 532
455,Ellwood Oller,Tandoori Chicken Skewers,10,206.21,7/8/2021,Avram Read,Credit Card,PO Box 19078,PO Box 71297,8th Floor
456,Yalonda Pinel,Cordless Water Flosser,76,299.27,3/14/2021,Archambault Dukes,Check,Suite 53,Apt 1456,5th Floor
457,Nikolos Andrejevic,Mango Chili Salsa,7,521.89,2/11/2020,Pippy Pring,Check,1st Floor,Room 518,Room 901
458,Jaine Abells,Electric Can Opener,47,840.45,11/9/2020,Carlynn Lappine,Check,PO Box 77535,19th Floor,Room 7
459,Jermaine Cords,LED Flashing Pet Collar,51,269.75,1/16/2022,Antonio Sedgemore,Cash,19th Floor,Apt 1881,PO Box 95193
460,Mathian Fidgeon,Magnet Travel Fridge Magnets,90,640.99,7/4/2022,Kamillah Brozsset,Credit Card,Apt 1427,Room 986,PO Box 52278
461,Irvin Berthouloume,Roasted Red Pepper Sauce,5,201.4,12/16/2022,Morly Harbar,Credit Card,PO Box 84136,Suite 39,Room 1772
462,Thedrick Tradewell,Herb Drying Rack,92,639.24,10/27/2021,Igor Zoephel,Cash,2nd Floor,Room 856,Suite 52
463,Dyane Meric,Mediterranean Chickpea Bowl,70,936.19,12/23/2021,Jacquenette Stienton,Credit Card,PO Box 37835,PO Box 73229,12th Floor
464,Marlena de Clerk,Chocolate Fudge Brownie Mix,50,163.73,11/20/2021,Albertine Palley,Cash,Apt 1773,Apt 1481,Suite 18
465,Chelsey Vinter,Smartphone Stand,10,581.16,6/14/2022,Milly Lowless,Check,Room 244,PO Box 10362,7th Floor
466,Etheline Bamblett,Walnut Halves,63,958.52,12/23/2021,Brooke Bullene,Check,Room 366,Suite 47,PO Box 10200
467,Kate Greenroad,Digital Stopwatch Timer,86,432.27,1/4/2020,Janie Gabbott,Credit Card,Suite 42,18th Floor,PO Box 48939
468,Vasili Condict,Chocolate Peanut Butter Cups,42,12.44,5/17/2020,Allis Extance,Check,5th Floor,PO Box 39425,6th Floor
469,Charity Forestel,Chocolate Covered Pretzels,57,407.64,5/7/2021,Ali Pogue,Check,Room 1235,Apt 159,PO Box 99935
470,Kimmie Simyson,Camera Tripod,99,825.74,12/12/2020,Audry Isaacson,Credit Card,Room 1599,Apt 791,Apt 1745
471,Con Bisterfeld,Honey Roasted Chickpeas,98,881.71,6/9/2022,Gareth Chadbourn,Credit Card,PO Box 78513,11th Floor,Apt 1355
472,Eleanore Finch,Chocolate Dipped Fruit,57,989.24,5/5/2020,Dyane Yoakley,Credit Card,1st Floor,PO Box 19139,Apt 1355
473,Adriena Presdee,Eco-Friendly Disposable Plates,34,936.26,11/28/2021,Rosabelle Christophers,Check,PO Box 93571,Room 1194,2nd Floor
474,Izabel Agnolo,Knitted Infinity Scarf,6,883.54,8/25/2021,Audrie Ryall,Check,Suite 21,15th Floor,Suite 23
475,Johnnie Di Francesco,Chocolate Chip Cookie Mix,65,992.24,7/28/2022,Ruttger Knibb,Check,PO Box 12657,Apt 326,PO Box 92246
476,Lorianna Lode,Savory Rice Cakes,59,658.13,12/24/2021,Mirabelle Bacchus,Cash,Room 973,PO Box 14091,PO Box 71922
477,Tawsha Langrish,Sliced Cheese,31,879.33,10/17/2021,Norry Rollingson,Cash,PO Box 89413,12th Floor,10th Floor
478,Cathy Hadlington,Dog Collar,69,121.76,9/8/2020,Constance Casham,Credit Card,Apt 474,PO Box 9579,1st Floor
479,Phyllys Slopier,Eco-Friendly Stainless Steel Straws,94,119.29,11/4/2020,Godfrey Seagrove,Credit Card,Suite 56,PO Box 5953,PO Box 88687
480,Bette Buckam,Magnetic Spice Jars,49,594.22,1/23/2021,Noelle Whebell,Cash,16th Floor,8th Floor,PO Box 21383
481,Jeri Timmens,Dish Soap Dispenser,43,935.11,1/16/2022,Audrey Perris,Credit Card,4th Floor,Apt 332,PO Box 85976
482,Krista MacFadin,Classic Cheeseburger Mix,75,424.71,10/29/2021,Boote Kemell,Credit Card,Apt 1999,Room 1414,Suite 17
483,Gerty Dommett,Pomegranate Juice,13,560.49,11/3/2022,Nicolle Kenn,Check,Suite 31,Suite 87,Room 643
484,Gerladina Ambrogini,A-Line Skirt,9,690.58,11/14/2021,Sidney Petrulis,Credit Card,Room 1490,Room 1847,Apt 95
485,Ase Ladbrook,Plant-Based Meal Prep Containers,77,392.14,6/16/2021,Humbert Haughian,Cash,Apt 1350,PO Box 37760,7th Floor
486,Francklyn Casley,Digital Voice Recorder,38,196.49,6/28/2022,Jorie Benduhn,Check,Suite 62,PO Box 31590,Apt 825
487,Gaspar Simmen,Portable Pet Pooper Scooper,86,222.77,5/3/2022,Marlee Hartopp,Credit Card,8th Floor,Apt 1848,Apt 894
488,Saleem Mancktelow,Adjustable Dumbbells,58,999.9,7/19/2021,Gleda Lammert,Credit Card,Apt 611,Suite 89,PO Box 58968
489,Saidee Mullenger,Almond Coconut Granola,92,630.48,12/23/2021,Blythe Govey,Credit Card,Suite 81,Room 587,18th Floor
490,Harmon Chesters,Nature Explorer Lens Kit,100,410.87,2/13/2021,Allx Belding,Credit Card,Apt 1067,Room 1979,PO Box 90915
491,Lexis Raikes,Biodegradable Phone Case,59,709.57,4/10/2020,Kalindi Palfreeman,Cash,Room 1752,PO Box 68964,Suite 50
492,Malynda Seary,Golf Putting Green,67,701.69,10/21/2020,Christyna Waker,Check,Suite 26,PO Box 2725,12th Floor
493,Nikolai Marmion,Coconut Curry Sauce,88,369.03,6/30/2021,Carola Matusov,Cash,Room 1125,PO Box 75968,Suite 89
494,Boyce Conochie,Coconut Bowls Set,85,791.45,6/18/2022,Alexio Yepiskov,Credit Card,Suite 89,Apt 576,17th Floor
495,Nanny Ballendine,Electric Toothbrush Holder,14,96.8,8/7/2021,Corilla Hempel,Check,Room 486,Suite 45,19th Floor
496,Hollie Ainsbury,Tuscan Bean Soup,53,318.09,5/12/2020,Daniela Duns,Cash,Suite 51,Suite 3,Suite 44
497,Hasheem Scammonden,Electric Egg Cooker,18,259.09,6/18/2020,Alastair Lightning,Cash,PO Box 27826,Suite 63,Room 1515
498,Poppy Alejandri,Kids' Trampoline,79,978.67,11/29/2021,Karim Cobby,Check,PO Box 87788,PO Box 21316,Apt 1446
499,Renaldo Dimitrov,Self-Cleaning Water Bottle,3,866.45,6/13/2022,Lexie Krier,Check,Suite 7,5th Floor,PO Box 67133
500,Hussein Sivills,Cinnamon Roll Protein Bar,37,556.38,4/18/2020,Meade McGuinness,Credit Card,Room 1137,Suite 3,Apt 1579
